time,Import T1 kWh,Import T2 kWh,Export T1 kWh,Export T2 kWh
2018-05-01 00:00:00,824.541,842.355,380.863,912.767
2018-05-02 00:00:00,825.748,843.698,380.863,927.026
2018-05-03 00:00:00,826.976,846.258,380.863,950.94
2018-05-04 00:00:00,828.21,847.381,380.863,973.352
2018-05-05 00:00:00,829.457,848.984,380.863,998.067
2018-05-06 00:00:00,832.957,848.984,405.462,998.067
2018-05-07 00:00:00,835.109,848.984,430.82,998.067
2018-05-08 00:00:00,836.431,851.482,430.82,1023.572
2018-05-09 00:00:00,837.728,852.306,430.82,1049.133
2018-05-10 00:00:00,839.57,855.588,430.82,1072.06
2018-05-11 00:00:00,843.771,855.588,438.621,1072.06
2018-05-12 00:00:00,844.927,857.264,438.621,1093.437
2018-05-13 00:00:00,847.369,857.264,455.9,1093.437
2018-05-14 00:00:00,850.275,857.264,463.999,1093.437
2018-05-15 00:00:00,851.676,860.798,463.999,1113.996
2018-05-16 00:00:00,852.947,861.624,463.999,1137.694
2018-05-17 00:00:00,855.162,865.444,463.999,1148.558
2018-05-18 00:00:00,856.736,866.535,463.999,1174.621
2018-05-19 00:00:00,858.0,868.256,463.999,1188.965
2018-05-20 00:00:00,863.626,868.256,468.032,1188.965
2018-05-21 00:00:00,866.597,868.256,489.981,1188.965
2018-05-22 00:00:00,868.636,868.256,513.197,1188.965
2018-05-23 00:00:00,869.954,869.673,513.197,1209.582
2018-05-24 00:00:00,871.114,871.631,513.197,1225.184
2018-05-25 00:00:00,872.328,872.89,513.198,1238.873
2018-05-26 00:00:00,873.567,875.0,513.198,1255.272
2018-05-27 00:00:00,877.077,875.0,532.574,1255.272
2018-05-28 00:00:00,881.36,875.0,543.847,1255.272
2018-05-29 00:00:00,882.84,875.319,543.848,1278.039
2018-05-30 00:00:00,883.843,876.064,543.862,1296.363
2018-05-31 00:00:00,884.815,876.404,543.895,1320.837
2018-06-01 00:00:00,885.813,876.708,543.943,1338.08
2018-06-02 00:00:00,886.812,877.099,543.991,1347.268
2018-06-03 00:00:00,888.381,877.099,549.971,1347.268
2018-06-04 00:00:00,889.704,877.099,562.98,1347.268
2018-06-05 00:00:00,890.74,877.466,562.982,1360.652
2018-06-06 00:00:00,891.793,877.866,562.982,1375.59
2018-06-07 00:00:00,892.755,878.168,562.996,1401.619
2018-06-08 00:00:00,893.767,878.535,563.012,1426.175
2018-06-09 00:00:00,895.041,884.655,563.015,1432.108
2018-06-10 00:00:00,900.632,884.655,581.774,1432.108
2018-06-11 00:00:00,904.111,884.655,601.081,1432.108
2018-06-12 00:00:00,905.447,885.609,601.081,1455.885
2018-06-13 00:00:00,906.768,886.856,601.083,1464.009
2018-06-14 00:00:00,908.168,889.246,601.083,1472.244
2018-06-15 00:00:00,909.494,890.604,601.084,1485.816
2018-06-16 00:00:00,910.76,891.827,601.084,1502.189
2018-06-17 00:00:00,914.052,891.827,615.492,1502.189
2018-06-18 00:00:00,919.99,891.827,622.126,1502.189
2018-06-19 00:00:00,921.356,892.721,622.126,1508.288
2018-06-20 00:00:00,922.569,895.381,622.126,1514.529
2018-06-21 00:00:00,923.648,897.928,622.129,1532.109
2018-06-22 00:00:00,924.982,900.48,622.129,1550.22
2018-06-23 00:00:00,926.219,905.914,622.129,1562.452
2018-06-24 00:00:00,930.071,905.914,631.693,1562.452
2018-06-25 00:00:00,933.743,905.914,637.005,1562.452
2018-06-26 00:00:00,935.007,908.678,637.005,1576.535
2018-06-27 00:00:00,936.584,910.535,637.005,1600.243
2018-06-28 00:00:00,937.678,911.171,637.01,1621.52
2018-06-29 00:00:00,939.157,913.644,637.01,1644.075
2018-06-30 00:00:00,940.545,915.076,637.01,1665.331
2018-07-01 00:00:00,943.423,915.076,662.234,1665.331
2018-07-02 00:00:00,945.532,915.076,685.477,1665.331
2018-07-03 00:00:00,946.867,918.002,685.477,1689.601
2018-07-04 00:00:00,948.16,918.872,685.478,1714.402
2018-07-05 00:00:00,949.376,921.994,685.485,1733.611
2018-07-06 00:00:00,950.721,923.088,685.486,1757.369
2018-07-07 00:00:00,952.013,923.772,685.486,1775.873
2018-07-08 00:00:00,955.076,923.772,706.501,1775.873
2018-07-09 00:00:00,957.011,923.772,729.98,1775.873
2018-07-10 00:00:00,958.351,925.875,729.98,1786.969
2018-07-11 00:00:00,959.803,927.689,729.98,1800.058
2018-07-12 00:00:00,961.096,929.637,729.98,1811.277
2018-07-13 00:00:00,962.585,930.359,729.98,1834.453
2018-07-14 00:00:00,964.005,932.184,729.98,1856.285
2018-07-15 00:00:00,966.895,932.184,753.956,1856.285
2018-07-16 00:00:00,970.929,932.184,775.174,1856.285
2018-07-17 00:00:00,972.439,934.059,775.174,1875.269
2018-07-18 00:00:00,973.816,937.053,775.174,1895.836
2018-07-19 00:00:00,975.113,938.684,775.174,1913.209
2018-07-20 00:00:00,976.45,940.96,775.174,1929.828
2018-07-21 00:00:00,978.049,941.559,775.174,1952.774
2018-07-22 00:00:00,980.278,941.559,794.519,1952.774
2018-07-23 00:00:00,982.076,941.559,806.863,1952.774
2018-07-24 00:00:00,983.27,943.068,806.864,1974.214
2018-07-25 00:00:00,984.696,943.932,806.864,1995.531
2018-07-26 00:00:00,986.032,945.06,806.864,2016.539
2018-07-27 00:00:00,987.479,946.933,806.864,2036.669
2018-07-28 00:00:00,988.881,949.088,806.864,2058.617
2018-07-29 00:00:00,993.631,949.088,816.165,2058.617
2018-07-30 00:00:00,995.806,949.088,830.782,2058.617
2018-07-31 00:00:00,997.417,951.629,830.782,2079.393
2018-08-01 00:00:00,998.898,952.363,830.782,2098.287
2018-08-02 00:00:00,1000.34,955.704,830.782,2114.655
2018-08-03 00:00:00,1001.629,956.45,830.782,2136.566
2018-08-04 00:00:00,1003.444,957.274,830.782,2158.647
2018-08-05 00:00:00,1008.073,957.274,847.844,2158.647
2018-08-06 00:00:00,1011.765,957.274,870.174,2158.647
2018-08-07 00:00:00,1013.24,958.862,870.174,2179.593
2018-08-08 00:00:00,1014.649,959.481,870.174,2202.563
2018-08-09 00:00:00,1016.12,962.835,870.174,2209.211
2018-08-10 00:00:00,1017.446,964.823,870.174,2217.589
2018-08-11 00:00:00,1018.803,967.394,870.174,2232.248
2018-08-12 00:00:00,1022.408,967.394,888.8,2232.248
2018-08-13 00:00:00,1024.777,967.394,905.108,2232.248
2018-08-14 00:00:00,1026.3,971.528,905.108,2236.412
2018-08-15 00:00:00,1027.684,973.921,905.108,2255.604
2018-08-16 00:00:00,1029.085,976.832,905.108,2264.116
2018-08-17 00:00:00,1030.502,978.825,905.108,2279.074
2018-08-18 00:00:00,1031.81,983.982,905.108,2294.549
2018-08-19 00:00:00,1034.063,983.982,917.997,2294.549
2018-08-20 00:00:00,1038.212,983.982,932.004,2294.549
2018-08-21 00:00:00,1039.898,990.896,932.004,2297.813
2018-08-22 00:00:00,1041.257,993.197,932.004,2307.411
2018-08-23 00:00:00,1042.53,994.661,932.004,2321.428
2018-08-24 00:00:00,1043.932,997.711,932.004,2329.833
2018-08-25 00:00:00,1045.272,998.781,932.004,2345.609
2018-08-26 00:00:00,1048.816,998.781,945.792,2345.609
2018-08-27 00:00:00,1053.147,998.781,965.331,2345.609
2018-08-28 00:00:00,1054.358,1005.475,965.331,2350.148
2018-08-29 00:00:00,1055.733,1009.637,965.331,2359.085
2018-08-30 00:00:00,1057.426,1014.091,965.331,2367.382
2018-08-31 00:00:00,1058.704,1016.269,965.331,2382.115
2018-09-01 00:00:00,1060.064,1018.472,965.331,2395.693
2018-09-02 00:00:00,1066.724,1018.472,981.689,2395.693
2018-09-03 00:00:00,1069.841,1018.472,1000.346,2395.693
2018-09-04 00:00:00,1071.126,1020.501,1000.346,2401.575
2018-09-05 00:00:00,1072.308,1022.672,1000.346,2414.492
2018-09-06 00:00:00,1073.545,1023.721,1000.346,2427.651
2018-09-07 00:00:00,1075.483,1027.897,1000.346,2433.385
2018-09-08 00:00:00,1076.716,1029.935,1000.346,2445.66
2018-09-09 00:00:00,1078.524,1029.935,1014.503,2445.66
2018-09-10 00:00:00,1080.387,1029.935,1031.076,2445.66
2018-09-11 00:00:00,1081.659,1036.859,1031.076,2449.541
2018-09-12 00:00:00,1083.086,1041.133,1031.076,2460.098
2018-09-13 00:00:00,1084.456,1046.756,1031.076,2461.68
2018-09-14 00:00:00,1085.88,1049.863,1031.076,2480.661
2018-09-15 00:00:00,1087.2,1050.71,1031.076,2501.12
2018-09-16 00:00:00,1091.027,1050.71,1040.417,2501.12
2018-09-17 00:00:00,1095.342,1050.71,1054.891,2501.12
2018-09-18 00:00:00,1096.698,1055.462,1054.891,2516.273
2018-09-19 00:00:00,1098.069,1056.618,1054.891,2538.16
2018-09-20 00:00:00,1099.361,1059.948,1054.891,2557.605
2018-09-21 00:00:00,1100.758,1061.814,1054.891,2572.928
2018-09-22 00:00:00,1102.114,1066.819,1054.891,2580.084
2018-09-23 00:00:00,1107.847,1066.819,1060.165,2580.084
2018-09-24 00:00:00,1117.624,1066.819,1060.262,2580.084
2018-09-25 00:00:00,1119.091,1072.255,1060.262,2593.52
2018-09-26 00:00:00,1120.379,1073.788,1060.262,2612.577
2018-09-27 00:00:00,1121.63,1075.779,1060.262,2628.579
2018-09-28 00:00:00,1122.933,1079.07,1060.262,2649.149
2018-09-29 00:00:00,1125.131,1081.454,1060.262,2660.802
2018-09-30 00:00:00,1128.707,1081.454,1077.905,2660.802
2018-10-01 00:00:00,1133.638,1081.454,1094.222,2660.802
2018-10-02 00:00:00,1135.237,1086.28,1094.222,2675.004
2018-10-03 00:00:00,1136.908,1087.824,1094.222,2679.74
2018-10-04 00:00:00,1138.91,1090.111,1094.222,2692.459
2018-10-05 00:00:00,1140.201,1091.82,1094.222,2697.779
2018-10-06 00:00:00,1141.504,1095.057,1094.222,2715.916
2018-10-07 00:00:00,1147.269,1095.057,1111.011,2715.916
2018-10-08 00:00:00,1151.846,1095.057,1122.919,2715.916
2018-10-09 00:00:00,1153.393,1100.133,1122.919,2729.886
2018-10-10 00:00:00,1155.774,1101.53,1122.919,2746.686
2018-10-11 00:00:00,1156.958,1105.294,1122.919,2763.821
2018-10-12 00:00:00,1158.305,1107.938,1122.919,2775.84
2018-10-13 00:00:00,1160.225,1109.787,1122.919,2789.148
2018-10-14 00:00:00,1168.096,1109.787,1135.105,2789.148
2018-10-15 00:00:00,1175.878,1109.787,1147.605,2789.148
2018-10-16 00:00:00,1177.563,1115.789,1147.605,2804.135
2018-10-17 00:00:00,1179.224,1120.073,1147.605,2815.326
2018-10-18 00:00:00,1180.713,1127.718,1147.605,2823.209
2018-10-19 00:00:00,1182.204,1134.519,1147.605,2829.392
2018-10-20 00:00:00,1183.744,1139.201,1147.605,2843.705
2018-10-21 00:00:00,1187.024,1139.201,1159.025,2843.705
2018-10-22 00:00:00,1193.437,1139.201,1167.151,2843.705
2018-10-23 00:00:00,1194.764,1141.712,1167.151,2854.385
2018-10-24 00:00:00,1196.174,1147.313,1167.151,2854.758
2018-10-25 00:00:00,1197.617,1155.577,1167.151,2858.504
2018-10-26 00:00:00,1199.145,1159.176,1167.151,2859.891
2018-10-27 00:00:00,1200.923,1165.346,1167.151,2860.72
2018-10-28 00:00:00,1206.509,1165.346,1180.966,2860.72
2018-10-29 00:00:00,1214.904,1165.346,1193.15,2860.72
2018-10-30 00:00:00,1216.284,1170.574,1193.15,2860.897
2018-10-31 00:00:00,1217.572,1177.374,1193.15,2862.091
2018-11-01 00:00:00,1218.908,1181.425,1193.15,2872.993
2018-11-02 00:00:00,1220.426,1185.596,1193.15,2875.665
2018-11-03 00:00:00,1222.095,1191.082,1193.15,2880.161
2018-11-04 00:00:00,1229.547,1191.082,1200.085,2880.161
2018-11-05 00:00:00,1234.902,1191.082,1211.044,2880.161
2018-11-06 00:00:00,1236.473,1196.499,1211.044,2880.704
2018-11-07 00:00:00,1238.019,1199.099,1211.044,2891.014
2018-11-08 00:00:00,1239.479,1204.406,1211.044,2898.892
2018-11-09 00:00:00,1240.905,1207.158,1211.044,2911.382
2018-11-10 00:00:00,1242.294,1212.278,1211.044,2916.098
2018-11-11 00:00:00,1251.397,1212.278,1211.08,2916.098
2018-11-12 00:00:00,1261.634,1212.278,1211.755,2916.098
2018-11-13 00:00:00,1263.947,1218.212,1211.755,2916.126
2018-11-14 00:00:00,1265.602,1222.662,1211.755,2920.268
2018-11-15 00:00:00,1267.087,1226.417,1211.755,2930.907
2018-11-16 00:00:00,1268.572,1229.846,1211.755,2942.091
2018-11-17 00:00:00,1270.248,1233.913,1211.755,2953.461
2018-11-18 00:00:00,1277.606,1233.913,1223.316,2953.461
2018-11-19 00:00:00,1285.963,1233.913,1235.29,2953.461
2018-11-20 00:00:00,1287.463,1240.197,1235.29,2954.603
2018-11-21 00:00:00,1290.837,1248.067,1235.29,2954.603
2018-11-22 00:00:00,1292.107,1253.856,1235.29,2962.147
2018-11-23 00:00:00,1293.54,1258.752,1235.29,2962.159
2018-11-24 00:00:00,1294.889,1265.72,1235.29,2969.011
2018-11-25 00:00:00,1310.516,1265.72,1235.29,2969.011
2018-11-26 00:00:00,1318.165,1265.72,1235.291,2969.011
2018-11-27 00:00:00,1319.503,1274.167,1235.291,2969.039
2018-11-28 00:00:00,1321.101,1278.589,1235.291,2969.312
2018-11-29 00:00:00,1322.852,1285.146,1235.291,2969.489
2018-11-30 00:00:00,1324.346,1290.785,1235.291,2969.502
2018-12-01 00:00:00,1326.451,1298.187,1235.291,2971.388
2018-12-02 00:00:00,1334.61,1298.187,1236.491,2971.388
2018-12-03 00:00:00,1342.513,1298.187,1236.515,2971.388
2018-12-04 00:00:00,1343.972,1304.41,1236.515,2973.066
2018-12-05 00:00:00,1345.457,1308.119,1236.515,2982.027
2018-12-06 00:00:00,1346.924,1312.402,1236.515,2982.329
2018-12-07 00:00:00,1348.625,1320.671,1236.515,2982.355
2018-12-08 00:00:00,1349.983,1326.969,1236.515,2982.355
2018-12-09 00:00:00,1361.752,1326.969,1236.631,2982.355
2018-12-10 00:00:00,1369.128,1326.969,1239.372,2982.355
2018-12-11 00:00:00,1371.431,1338.362,1239.372,2985.248
2018-12-12 00:00:00,1373.122,1343.189,1239.372,2989.218
2018-12-13 00:00:00,1375.179,1351.36,1239.372,2989.218
2018-12-14 00:00:00,1376.732,1354.926,1239.372,2995.006
2018-12-15 00:00:00,1378.483,1362.334,1239.372,3001.854
2018-12-16 00:00:00,1385.653,1362.334,1239.381,3001.854
2018-12-17 00:00:00,1397.317,1362.334,1239.381,3001.854
2018-12-18 00:00:00,1398.958,1376.528,1239.381,3001.854
2018-12-19 00:00:00,1401.78,1383.606,1239.381,3004.631
2018-12-20 00:00:00,1403.211,1390.422,1239.381,3005.7
2018-12-21 00:00:00,1405.058,1396.161,1239.381,3005.838
2018-12-22 00:00:00,1406.396,1403.949,1239.381,3005.838
2018-12-23 00:00:00,1414.847,1403.949,1239.481,3005.838
2018-12-24 00:00:00,1424.728,1403.949,1239.481,3005.838
2018-12-25 00:00:00,1426.557,1413.556,1239.481,3012.08
2018-12-26 00:00:00,1435.614,1413.556,1241.281,3012.08
2018-12-27 00:00:00,1444.004,1413.556,1241.284,3012.08
2018-12-28 00:00:00,1446.126,1422.337,1241.284,3013.689
2018-12-29 00:00:00,1448.005,1430.377,1241.284,3013.689
2018-12-30 00:00:00,1463.345,1430.377,1241.284,3013.689
2018-12-31 00:00:00,1473.903,1430.377,1241.498,3013.689
2019-01-01 00:00:00,1477.305,1440.881,1241.498,3013.711
2019-01-02 00:00:00,1487.6,1440.881,1241.764,3013.711
2019-01-03 00:00:00,1489.21,1447.551,1241.764,3019.28
2019-01-04 00:00:00,1490.643,1452.566,1241.764,3022.017
2019-01-05 00:00:00,1492.321,1459.643,1241.764,3022.017
2019-01-06 00:00:00,1505.545,1459.643,1241.857,3022.017
2019-01-07 00:00:00,1514.553,1459.643,1242.976,3022.017
2019-01-08 00:00:00,1516.13,1468.53,1242.976,3022.017
2019-01-09 00:00:00,1517.785,1473.456,1242.976,3023.851
2019-01-10 00:00:00,1519.55,1478.997,1242.976,3030.197
2019-01-11 00:00:00,1521.241,1487.506,1242.976,3030.244
2019-01-12 00:00:00,1523.026,1493.117,1242.976,3030.252
2019-01-13 00:00:00,1536.617,1493.117,1242.976,3030.252
2019-01-14 00:00:00,1549.547,1493.117,1242.976,3030.252
2019-01-15 00:00:00,1551.301,1500.562,1242.976,3036.648
2019-01-16 00:00:00,1553.257,1506.251,1242.976,3036.803
2019-01-17 00:00:00,1554.743,1513.765,1242.976,3036.813
2019-01-18 00:00:00,1556.289,1519.155,1242.976,3038.494
2019-01-19 00:00:00,1558.537,1525.065,1242.976,3050.207
2019-01-20 00:00:00,1567.861,1525.065,1246.511,3050.207
2019-01-21 00:00:00,1575.819,1525.065,1259.111,3050.207
2019-01-22 00:00:00,1577.598,1530.087,1259.111,3062.218
2019-01-23 00:00:00,1579.685,1534.186,1259.111,3063.649
2019-01-24 00:00:00,1582.162,1540.427,1259.111,3063.672
2019-01-25 00:00:00,1584.208,1545.248,1259.111,3063.923
2019-01-26 00:00:00,1586.108,1551.927,1259.111,3064.054
2019-01-27 00:00:00,1601.345,1551.927,1259.113,3064.054
2019-01-28 00:00:00,1614.37,1551.927,1259.14,3064.054
2019-01-29 00:00:00,1616.755,1558.228,1259.14,3064.324
2019-01-30 00:00:00,1619.432,1562.184,1259.14,3076.253
2019-01-31 00:00:00,1621.527,1565.75,1259.14,3077.77
2019-02-01 00:00:00,1624.044,1571.783,1259.14,3082.132
2019-02-02 00:00:00,1625.892,1576.68,1259.14,3082.165
2019-02-03 00:00:00,1636.655,1576.68,1259.14,3082.165
2019-02-04 00:00:00,1643.768,1576.68,1269.398,3082.165
2019-02-05 00:00:00,1646.35,1583.431,1269.398,3082.905
2019-02-06 00:00:00,1648.247,1587.988,1269.398,3082.952
2019-02-07 00:00:00,1650.19,1593.328,1269.398,3082.964
2019-02-08 00:00:00,1652.178,1597.336,1269.398,3089.431
2019-02-09 00:00:00,1654.076,1604.334,1269.398,3089.515
2019-02-10 00:00:00,1660.957,1604.334,1271.843,3089.515
2019-02-11 00:00:00,1671.335,1604.334,1271.969,3089.515
2019-02-12 00:00:00,1673.223,1611.482,1271.969,3100.467
2019-02-13 00:00:00,1675.219,1614.891,1271.969,3107.66
2019-02-14 00:00:00,1677.442,1620.679,1271.969,3107.85
2019-02-15 00:00:00,1679.334,1624.167,1271.969,3123.689
2019-02-16 00:00:00,1681.296,1628.276,1271.969,3141.234
2019-02-17 00:00:00,1690.525,1628.276,1286.569,3141.234
2019-02-18 00:00:00,1698.866,1628.276,1301.264,3141.234
2019-02-19 00:00:00,1700.835,1634.398,1301.264,3153.697
2019-02-20 00:00:00,1702.893,1638.894,1301.264,3158.449
2019-02-21 00:00:00,1704.712,1643.698,1301.264,3165.249
2019-02-22 00:00:00,1706.612,1650.25,1301.264,3169.033
2019-02-23 00:00:00,1708.303,1654.086,1301.264,3170.92
2019-02-24 00:00:00,1712.27,1654.086,1316.281,3170.92
2019-02-25 00:00:00,1717.113,1654.086,1332.062,3170.92
2019-02-26 00:00:00,1718.909,1656.571,1332.062,3188.782
2019-02-27 00:00:00,1720.638,1660.832,1332.062,3206.8
2019-02-28 00:00:00,1722.44,1665.227,1332.062,3225.883
2019-03-01 00:00:00,1724.086,1667.417,1332.062,3235.261
2019-03-02 00:00:00,1725.916,1680.092,1332.062,3235.282
2019-03-03 00:00:00,1730.531,1680.092,1338.728,3235.282
2019-03-04 00:00:00,1740.698,1680.092,1339.182,3235.282
2019-03-05 00:00:00,1742.861,1685.525,1339.182,3239.395
2019-03-06 00:00:00,1744.537,1689.357,1339.182,3249.441
2019-03-07 00:00:00,1746.522,1695.281,1339.182,3251.721
2019-03-08 00:00:00,1748.711,1699.278,1339.182,3262.155
2019-03-09 00:00:00,1750.733,1702.877,1339.182,3271.323
2019-03-10 00:00:00,1756.908,1702.877,1343.015,3271.323
2019-03-11 00:00:00,1761.535,1702.877,1343.606,3271.323
2019-03-12 00:00:00,1763.427,1709.666,1343.606,3277.821
2019-03-13 00:00:00,1765.336,1712.257,1343.606,3283.013
2019-03-14 00:00:00,1767.8,1719.615,1343.606,3284.295
2019-03-15 00:00:00,1769.722,1724.104,1343.606,3285.901
2019-03-16 00:00:00,1771.734,1728.222,1343.606,3286.86
2019-03-17 00:00:00,1776.82,1728.222,1344.234,3286.86
2019-03-18 00:00:00,1786.353,1728.222,1351.495,3286.86
2019-03-19 00:00:00,1788.265,1733.131,1351.495,3297.747
2019-03-20 00:00:00,1790.005,1735.525,1351.495,3313.9
2019-03-21 00:00:00,1791.821,1740.631,1351.495,3316.136
2019-03-22 00:00:00,1793.614,1742.736,1351.495,3335.298
2019-03-23 00:00:00,1795.491,1746.02,1351.495,3353.847
2019-03-24 00:00:00,1802.608,1746.02,1353.077,3353.847
2019-03-25 00:00:00,1806.737,1746.02,1370.32,3353.847
2019-03-26 00:00:00,1811.024,1753.315,1370.32,3362.051
2019-03-27 00:00:00,1812.893,1756.242,1370.32,3368.865
2019-03-28 00:00:00,1814.754,1759.071,1370.32,3380.783
2019-03-29 00:00:00,1816.629,1761.515,1370.32,3386.54
2019-03-30 00:00:00,1818.564,1763.341,1370.32,3408.192
2019-03-31 00:00:00,1824.756,1763.341,1381.734,3408.192
2019-04-01 00:00:00,1830.291,1763.341,1392.904,3408.192
2019-04-02 00:00:00,1832.116,1764.41,1392.904,3433.234
2019-04-03 00:00:00,1833.69,1765.389,1392.904,3445.458
2019-04-04 00:00:00,1835.274,1766.358,1392.904,3450.852
2019-04-05 00:00:00,1836.861,1767.368,1392.904,3454.423
2019-04-06 00:00:00,1838.492,1768.449,1392.904,3463.152
2019-04-07 00:00:00,1841.279,1768.449,1400.81,3463.152
2019-04-08 00:00:00,1843.533,1768.449,1423.405,3463.152
2019-04-09 00:00:00,1845.032,1769.168,1423.405,3486.734
2019-04-10 00:00:00,1846.516,1769.873,1423.405,3512.269
2019-04-11 00:00:00,1848.106,1770.59,1423.405,3539.635
2019-04-12 00:00:00,1849.703,1771.382,1423.405,3559.202
2019-04-13 00:00:00,1851.432,1777.332,1423.405,3564.097
2019-04-14 00:00:00,1860.918,1777.332,1433.965,3564.097
2019-04-15 00:00:00,1870.001,1777.332,1450.761,3564.097
2019-04-16 00:00:00,1871.67,1778.924,1450.761,3585.217
2019-04-17 00:00:00,1873.411,1781.705,1450.761,3610.013
2019-04-18 00:00:00,1875.213,1785.261,1450.761,3620.116
2019-04-19 00:00:00,1876.992,1786.265,1450.761,3645.298
2019-04-20 00:00:00,1878.723,1787.021,1450.761,3669.827
2019-04-21 00:00:00,1883.309,1787.021,1470.81,3669.827
2019-04-22 00:00:00,1887.957,1787.021,1494.004,3669.827
2019-04-23 00:00:00,1891.796,1787.021,1517.479,3669.827
2019-04-24 00:00:00,1893.459,1790.0,1517.479,3692.683
2019-04-25 00:00:00,1895.454,1792.781,1517.479,3708.781
2019-04-26 00:00:00,1897.506,1795.411,1517.479,3721.364
2019-04-27 00:00:00,1899.503,1798.447,1517.479,3730.164
2019-04-28 00:00:00,1903.969,1798.447,1524.14,3730.164
2019-04-29 00:00:00,1908.213,1798.447,1531.985,3730.164
2019-04-30 00:00:00,1909.885,1801.547,1531.985,3747.254
2019-05-01 00:00:00,1911.583,1802.77,1531.985,3755.251
2019-05-02 00:00:00,1913.428,1805.681,1531.985,3768.771
2019-05-03 00:00:00,1915.086,1807.551,1531.985,3777.64
2019-05-04 00:00:00,1917.003,1808.496,1531.985,3789.046
2019-05-05 00:00:00,1923.433,1808.496,1545.151,3789.046
2019-05-06 00:00:00,1927.291,1808.496,1558.789,3789.046
2019-05-07 00:00:00,1929.605,1813.284,1558.789,3794.621
2019-05-08 00:00:00,1933.045,1814.192,1558.789,3805.519
2019-05-09 00:00:00,1934.846,1818.906,1558.789,3810.709
2019-05-10 00:00:00,1936.609,1820.278,1558.789,3825.647
2019-05-11 00:00:00,1938.369,1822.315,1558.789,3831.644
2019-05-12 00:00:00,1941.679,1822.315,1579.103,3831.644
2019-05-13 00:00:00,1949.138,1822.315,1593.163,3831.644
2019-05-14 00:00:00,1950.977,1826.313,1593.163,3852.826
2019-05-15 00:00:00,1952.652,1828.454,1593.164,3876.694
2019-05-16 00:00:00,1954.431,1830.962,1593.164,3898.32
2019-05-17 00:00:00,1955.993,1832.004,1593.164,3914.778
2019-05-18 00:00:00,1957.687,1833.134,1593.164,3920.703
2019-05-19 00:00:00,1963.806,1833.134,1608.675,3920.703
2019-05-20 00:00:00,1968.121,1833.134,1626.969,3920.703
2019-05-21 00:00:00,1971.073,1837.908,1626.969,3928.518
2019-05-22 00:00:00,1972.878,1840.106,1626.969,3929.958
2019-05-23 00:00:00,1974.662,1842.202,1626.969,3947.001
2019-05-24 00:00:00,1976.434,1843.305,1626.969,3971.088
2019-05-25 00:00:00,1978.59,1846.096,1626.969,3989.911
2019-05-26 00:00:00,1982.73,1846.096,1641.574,3989.911
2019-05-27 00:00:00,1988.221,1846.096,1650.601,3989.911
2019-05-28 00:00:00,1990.06,1848.109,1650.601,4004.062
2019-05-29 00:00:00,1992.001,1850.455,1650.601,4012.8
2019-05-30 00:00:00,1993.798,1851.747,1650.601,4038.264
2019-05-31 00:00:00,1998.05,1851.747,1656.425,4038.264
2019-06-01 00:00:00,1999.709,1854.478,1656.425,4053.049
2019-06-02 00:00:00,2003.611,1854.478,1676.532,4053.049
2019-06-03 00:00:00,2006.358,1854.478,1698.33,4053.049
2019-06-04 00:00:00,2008.117,1856.893,1698.33,4062.688
2019-06-05 00:00:00,2009.731,1858.606,1698.33,4080.903
2019-06-06 00:00:00,2011.459,1862.767,1698.33,4094.071
2019-06-07 00:00:00,2013.229,1863.699,1698.33,4101.932
2019-06-08 00:00:00,2014.674,1867.804,1698.336,4118.232
2019-06-09 00:00:00,2017.879,1867.804,1706.257,4118.232
2019-06-10 00:00:00,2022.455,1867.804,1725.8,4118.232
2019-06-11 00:00:00,2027.259,1867.804,1744.284,4118.232
2019-06-12 00:00:00,2029.082,1868.807,1744.284,4137.194
2019-06-13 00:00:00,2030.58,1873.748,1744.315,4143.238
2019-06-14 00:00:00,2032.368,1875.695,1744.316,4162.278
2019-06-15 00:00:00,2033.908,1876.992,1744.326,4178.411
2019-06-16 00:00:00,2039.227,1876.992,1757.445,4178.411
2019-06-17 00:00:00,2042.873,1876.992,1774.204,4178.411
2019-06-18 00:00:00,2045.215,1879.315,1774.204,4200.947
2019-06-19 00:00:00,2046.851,1881.32,1774.204,4221.181
2019-06-20 00:00:00,2048.683,1883.086,1774.204,4236.184
2019-06-21 00:00:00,2050.213,1887.436,1774.204,4246.353
2019-06-22 00:00:00,2051.821,1889.996,1774.204,4263.65
2019-06-23 00:00:00,2054.77,1889.996,1794.066,4263.65
2019-06-24 00:00:00,2057.425,1889.996,1816.136,4263.65
2019-06-25 00:00:00,2059.053,1892.794,1816.136,4282.186
2019-06-26 00:00:00,2060.668,1893.641,1816.136,4303.105
2019-06-27 00:00:00,2062.341,1895.707,1816.136,4323.656
2019-06-28 00:00:00,2064.136,1896.34,1816.136,4348.509
2019-06-29 00:00:00,2066.045,1897.332,1816.136,4369.773
2019-06-30 00:00:00,2068.588,1897.332,1840.474,4369.773
2019-07-01 00:00:00,2074.416,1897.332,1859.743,4369.773
2019-07-02 00:00:00,2076.543,1900.604,1859.743,4387.623
2019-07-03 00:00:00,2078.391,1902.999,1859.743,4409.619
2019-07-04 00:00:00,2080.179,1906.007,1859.743,4425.373
2019-07-05 00:00:00,2081.803,1906.546,1859.743,4450.076
2019-07-06 00:00:00,2083.386,1909.031,1859.743,4469.295
2019-07-07 00:00:00,2087.754,1909.031,1869.207,4469.295
2019-07-08 00:00:00,2092.777,1909.031,1877.929,4469.295
2019-07-09 00:00:00,2094.445,1912.129,1877.929,4479.057
2019-07-10 00:00:00,2095.938,1912.629,1877.935,4501.513
2019-07-11 00:00:00,2097.492,1914.056,1877.937,4510.523
2019-07-12 00:00:00,2099.736,1915.911,1877.937,4520.498
2019-07-13 00:00:00,2101.287,1919.491,1877.937,4527.141
2019-07-14 00:00:00,2106.179,1919.491,1888.286,4527.141
2019-07-15 00:00:00,2113.387,1919.491,1894.645,4527.141
2019-07-16 00:00:00,2115.149,1924.468,1894.645,4535.827
2019-07-17 00:00:00,2116.751,1926.196,1894.645,4540.989
2019-07-18 00:00:00,2118.239,1929.335,1894.645,4557.504
2019-07-19 00:00:00,2119.984,1930.655,1894.645,4575.627
2019-07-20 00:00:00,2121.876,1932.209,1894.645,4587.857
2019-07-21 00:00:00,2127.364,1932.209,1903.18,4587.857
2019-07-22 00:00:00,2130.996,1932.209,1920.327,4587.857
2019-07-23 00:00:00,2132.807,1935.722,1920.327,4602.001
2019-07-24 00:00:00,2134.577,1938.064,1920.327,4625.394
2019-07-25 00:00:00,2136.243,1938.921,1920.327,4646.854
2019-07-26 00:00:00,2138.036,1939.803,1920.327,4667.501
2019-07-27 00:00:00,2140.467,1942.617,1920.327,4688.614
2019-07-28 00:00:00,2144.132,1942.617,1942.01,4688.614
2019-07-29 00:00:00,2147.305,1942.617,1959.82,4688.614
2019-07-30 00:00:00,2149.079,1945.965,1959.82,4707.275
2019-07-31 00:00:00,2150.773,1948.223,1959.82,4728.024
2019-08-01 00:00:00,2152.42,1950.862,1959.82,4738.068
2019-08-02 00:00:00,2154.265,1952.587,1959.82,4750.525
2019-08-03 00:00:00,2155.985,1955.561,1959.82,4754.882
2019-08-04 00:00:00,2160.168,1955.561,1964.205,4754.882
2019-08-05 00:00:00,2165.353,1955.561,1979.067,4754.882
2019-08-06 00:00:00,2167.028,1960.071,1979.067,4765.224
2019-08-07 00:00:00,2168.718,1961.533,1979.067,4781.985
2019-08-08 00:00:00,2170.286,1963.139,1979.067,4796.868
2019-08-09 00:00:00,2172.431,1965.174,1979.067,4813.091
2019-08-10 00:00:00,2174.144,1969.186,1979.067,4815.701
2019-08-11 00:00:00,2178.277,1969.186,1989.976,4815.701
2019-08-12 00:00:00,2180.915,1969.186,2004.268,4815.701
2019-08-13 00:00:00,2182.486,1973.41,2004.268,4831.728
2019-08-14 00:00:00,2184.116,1976.067,2004.268,4841.373
2019-08-15 00:00:00,2185.901,1979.67,2004.268,4859.041
2019-08-16 00:00:00,2187.611,1981.872,2004.268,4867.274
2019-08-17 00:00:00,2189.601,1983.28,2004.268,4882.251
2019-08-18 00:00:00,2196.853,1983.28,2005.266,4882.251
2019-08-19 00:00:00,2202.627,1983.28,2008.009,4882.251
2019-08-20 00:00:00,2204.413,1988.248,2008.009,4895.533
2019-08-21 00:00:00,2206.191,1989.284,2008.009,4910.63
2019-08-22 00:00:00,2207.775,1992.361,2008.009,4932.747
2019-08-23 00:00:00,2209.419,1993.531,2008.009,4956.572
2019-08-24 00:00:00,2211.033,1995.94,2008.009,4976.067
2019-08-25 00:00:00,2214.815,1995.94,2027.295,4976.067
2019-08-26 00:00:00,2218.913,1995.94,2045.573,4976.067
2019-08-27 00:00:00,2220.496,1996.698,2045.573,4995.305
2019-08-28 00:00:00,2221.793,1997.366,2045.573,5016.54
2019-08-29 00:00:00,2223.148,1997.996,2045.573,5035.679
2019-08-30 00:00:00,2224.471,1998.705,2045.573,5048.95
2019-08-31 00:00:00,2226.554,2002.077,2045.573,5070.294
2019-09-01 00:00:00,2234.669,2002.077,2065.11,5070.294
2019-09-02 00:00:00,2238.17,2002.077,2075.701,5070.294
2019-09-03 00:00:00,2239.729,2004.667,2075.701,5085.179
2019-09-04 00:00:00,2241.476,2010.181,2075.701,5087.16
2019-09-05 00:00:00,2243.175,2016.346,2075.701,5090.7
2019-09-06 00:00:00,2244.982,2019.961,2075.701,5101.375
2019-09-07 00:00:00,2246.734,2024.557,2075.701,5114.356
2019-09-08 00:00:00,2252.008,2024.557,2087.897,5114.356
2019-09-09 00:00:00,2257.175,2024.557,2097.072,5114.356
2019-09-10 00:00:00,2259.003,2030.187,2097.072,5125.835
2019-09-11 00:00:00,2261.562,2034.94,2097.072,5136.408
2019-09-12 00:00:00,2263.518,2037.053,2097.072,5139.519
2019-09-13 00:00:00,2265.298,2041.196,2097.072,5151.441
2019-09-14 00:00:00,2267.16,2043.392,2097.072,5165.974
2019-09-15 00:00:00,2270.341,2043.392,2117.081,5165.974
2019-09-16 00:00:00,2276.794,2043.392,2134.931,5165.974
2019-09-17 00:00:00,2278.951,2052.302,2134.931,5167.944
2019-09-18 00:00:00,2280.533,2056.726,2134.931,5177.125
2019-09-19 00:00:00,2282.113,2061.444,2134.931,5189.928
2019-09-20 00:00:00,2283.741,2063.422,2134.931,5204.414
2019-09-21 00:00:00,2285.45,2065.833,2134.931,5219.141
2019-09-22 00:00:00,2289.694,2065.833,2150.223,5219.141
2019-09-23 00:00:00,2295.502,2065.833,2165.054,5219.141
2019-09-24 00:00:00,2297.205,2068.841,2165.054,5227.811
2019-09-25 00:00:00,2298.83,2074.879,2165.054,5233.259
2019-09-26 00:00:00,2300.362,2078.001,2165.054,5236.02
2019-09-27 00:00:00,2302.034,2082.895,2165.054,5236.339
2019-09-28 00:00:00,2303.833,2089.587,2165.054,5244.389
2019-09-29 00:00:00,2308.657,2089.587,2173.182,5244.389
2019-09-30 00:00:00,2318.027,2089.587,2173.346,5244.389
2019-10-01 00:00:00,2319.558,2093.188,2173.346,5253.983
2019-10-02 00:00:00,2321.051,2098.441,2173.346,5258.595
2019-10-03 00:00:00,2322.683,2101.55,2173.346,5270.656
2019-10-04 00:00:00,2324.431,2104.095,2173.346,5281.569
2019-10-05 00:00:00,2326.353,2108.574,2173.346,5281.722
2019-10-06 00:00:00,2333.096,2108.574,2181.797,5281.722
2019-10-07 00:00:00,2339.213,2108.574,2182.385,5281.722
2019-10-08 00:00:00,2341.007,2114.036,2182.385,5288.058
2019-10-09 00:00:00,2342.782,2116.678,2182.385,5290.367
2019-10-10 00:00:00,2344.863,2121.882,2182.385,5292.523
2019-10-11 00:00:00,2346.934,2126.024,2182.385,5301.354
2019-10-12 00:00:00,2349.205,2132.289,2182.385,5301.876
2019-10-13 00:00:00,2360.689,2132.289,2182.463,5301.876
2019-10-14 00:00:00,2371.23,2132.289,2187.869,5301.876
2019-10-15 00:00:00,2374.387,2140.284,2187.869,5308.051
2019-10-16 00:00:00,2376.642,2148.282,2187.869,5310.977
2019-10-17 00:00:00,2378.971,2153.786,2187.869,5315.791
2019-10-18 00:00:00,2381.768,2157.517,2187.869,5322.172
2019-10-19 00:00:00,2383.769,2162.461,2187.869,5325.839
2019-10-20 00:00:00,2392.668,2162.461,2189.093,5325.839
2019-10-21 00:00:00,2408.127,2162.461,2189.114,5325.839
2019-10-22 00:00:00,2410.332,2167.236,2189.114,5330.578
2019-10-23 00:00:00,2412.519,2170.074,2189.114,5332.584
2019-10-24 00:00:00,2414.497,2175.495,2189.114,5339.838
2019-10-25 00:00:00,2416.639,2179.882,2189.114,5346.231
2019-10-26 00:00:00,2418.42,2184.045,2189.114,5351.641
2019-10-27 00:00:00,2427.409,2184.045,2201.466,5351.641
2019-10-28 00:00:00,2433.999,2184.045,2206.554,5351.641
2019-10-29 00:00:00,2436.032,2191.614,2206.554,5356.843
2019-10-30 00:00:00,2439.195,2197.334,2206.554,5371.235
2019-10-31 00:00:00,2441.171,2203.322,2206.554,5385.902
2019-11-01 00:00:00,2443.469,2206.098,2206.554,5401.622
2019-11-02 00:00:00,2445.499,2213.65,2206.554,5401.626
2019-11-03 00:00:00,2453.369,2213.65,2209.868,5401.626
2019-11-04 00:00:00,2464.81,2213.65,2214.635,5401.626
2019-11-05 00:00:00,2466.889,2220.376,2214.635,5404.437
2019-11-06 00:00:00,2469.203,2224.902,2214.635,5406.27
2019-11-07 00:00:00,2471.668,2231.064,2214.635,5409.312
2019-11-08 00:00:00,2473.809,2234.587,2214.635,5409.695
2019-11-09 00:00:00,2475.977,2238.8,2214.635,5422.972
2019-11-10 00:00:00,2488.43,2238.8,2216.44,5422.972
2019-11-11 00:00:00,2496.213,2238.8,2227.398,5422.972
2019-11-12 00:00:00,2498.354,2245.865,2227.398,5424.579
2019-11-13 00:00:00,2500.573,2251.36,2227.398,5426.378
2019-11-14 00:00:00,2502.718,2257.019,2227.398,5428.068
2019-11-15 00:00:00,2504.843,2259.822,2227.398,5432.289
2019-11-16 00:00:00,2506.874,2269.516,2227.398,5432.382
2019-11-17 00:00:00,2515.315,2269.516,2227.797,5432.382
2019-11-18 00:00:00,2521.644,2269.516,2231.938,5432.382
2019-11-19 00:00:00,2523.938,2282.405,2231.938,5432.382
2019-11-20 00:00:00,2526.619,2286.933,2231.938,5439.801
2019-11-21 00:00:00,2529.379,2292.342,2231.938,5439.93
2019-11-22 00:00:00,2532.582,2295.812,2231.938,5445.775
2019-11-23 00:00:00,2534.998,2302.512,2231.938,5453.631
2019-11-24 00:00:00,2542.08,2302.512,2233.88,5453.631
2019-11-25 00:00:00,2555.95,2302.512,2236.967,5453.631
2019-11-26 00:00:00,2558.053,2307.851,2236.967,5456.574
2019-11-27 00:00:00,2560.137,2313.982,2236.967,5456.618
2019-11-28 00:00:00,2562.105,2319.048,2236.967,5457.811
2019-11-29 00:00:00,2564.013,2331.406,2236.967,5457.828
2019-11-30 00:00:00,2566.318,2334.605,2236.967,5463.937
2019-12-01 00:00:00,2575.014,2334.605,2245.63,5463.937
2019-12-02 00:00:00,2585.453,2334.605,2245.836,5463.937
2019-12-03 00:00:00,2587.557,2339.929,2245.836,5469.779
2019-12-04 00:00:00,2590.406,2344.639,2245.836,5478.936
2019-12-05 00:00:00,2592.582,2351.806,2245.836,5481.666
2019-12-06 00:00:00,2594.665,2357.596,2245.836,5481.971
2019-12-07 00:00:00,2596.845,2362.429,2245.836,5481.971
2019-12-08 00:00:00,2610.227,2362.429,2245.838,5481.971
2019-12-09 00:00:00,2621.687,2362.429,2246.128,5481.971
2019-12-10 00:00:00,2624.813,2369.532,2246.128,5484.331
2019-12-11 00:00:00,2627.029,2373.372,2246.128,5492.774
2019-12-12 00:00:00,2629.549,2383.33,2246.128,5492.774
2019-12-13 00:00:00,2631.964,2386.183,2246.128,5495.287
2019-12-14 00:00:00,2634.403,2394.069,2246.128,5495.287
2019-12-15 00:00:00,2647.836,2394.069,2247.85,5495.287
2019-12-16 00:00:00,2656.838,2394.069,2251.396,5495.287
2019-12-17 00:00:00,2659.416,2408.334,2251.396,5495.287
2019-12-18 00:00:00,2661.626,2413.332,2251.396,5497.66
2019-12-19 00:00:00,2663.771,2421.635,2251.396,5498.844
2019-12-20 00:00:00,2665.958,2426.216,2251.396,5505.906
2019-12-21 00:00:00,2668.277,2434.963,2251.396,5505.967
2019-12-22 00:00:00,2680.552,2434.963,2252.532,5505.967
2019-12-23 00:00:00,2691.017,2434.963,2252.532,5505.967
2019-12-24 00:00:00,2693.958,2445.108,2252.532,5506.581
2019-12-25 00:00:00,2696.089,2452.657,2252.532,5506.581
2019-12-26 00:00:00,2705.408,2452.657,2253.997,5506.581
2019-12-27 00:00:00,2716.739,2452.657,2254.165,5506.581
2019-12-28 00:00:00,2720.267,2461.343,2254.165,5516.005
2019-12-29 00:00:00,2726.896,2461.343,2257.265,5516.005
2019-12-30 00:00:00,2735.831,2461.343,2258.574,5516.005
2019-12-31 00:00:00,2737.673,2465.396,2258.574,5523.898
2020-01-01 00:00:00,2739.516,2475.18,2258.574,5524.366
2020-01-02 00:00:00,2746.771,2475.18,2265.219,5524.366
2020-01-03 00:00:00,2748.634,2485.095,2265.219,5524.366
2020-01-04 00:00:00,2751.37,2496.297,2265.219,5524.367
2020-01-05 00:00:00,2761.074,2496.297,2265.241,5524.367
2020-01-06 00:00:00,2772.415,2496.297,2265.241,5524.367
2020-01-07 00:00:00,2774.129,2501.056,2265.241,5527.149
2020-01-08 00:00:00,2775.979,2505.007,2265.241,5527.806
2020-01-09 00:00:00,2778.511,2512.891,2265.241,5527.806
2020-01-10 00:00:00,2780.126,2517.921,2265.241,5527.806
2020-01-11 00:00:00,2782.921,2529.266,2265.241,5528.034
2020-01-12 00:00:00,2798.514,2529.266,2265.433,5528.034
2020-01-13 00:00:00,2815.076,2529.266,2265.433,5528.034
2020-01-14 00:00:00,2816.893,2535.695,2265.433,5530.25
2020-01-15 00:00:00,2818.7,2539.565,2265.433,5530.261
2020-01-16 00:00:00,2820.898,2548.929,2265.433,5530.77
2020-01-17 00:00:00,2822.947,2552.566,2265.433,5539.733
2020-01-18 00:00:00,2825.009,2559.537,2265.433,5539.734
2020-01-19 00:00:00,2836.241,2559.537,2267.63,5539.734
2020-01-20 00:00:00,2841.325,2559.537,2274.551,5539.734
2020-01-21 00:00:00,2843.47,2567.655,2274.551,5540.472
2020-01-22 00:00:00,2845.586,2570.806,2274.551,5542.123
2020-01-23 00:00:00,2848.706,2579.934,2274.551,5542.151
2020-01-24 00:00:00,2851.667,2584.936,2274.551,5542.728
2020-01-25 00:00:00,2853.755,2591.166,2274.551,5542.75
2020-01-26 00:00:00,2870.785,2591.166,2274.559,5542.75
2020-01-27 00:00:00,2879.799,2591.166,2278.043,5542.75
2020-01-28 00:00:00,2882.806,2597.443,2278.043,5543.02
2020-01-29 00:00:00,2884.785,2600.86,2278.043,5547.669
2020-01-30 00:00:00,2886.7,2607.55,2278.043,5550.845
2020-01-31 00:00:00,2888.384,2610.514,2278.043,5554.132
2020-02-01 00:00:00,2890.228,2618.649,2278.043,5554.362
2020-02-02 00:00:00,2898.838,2618.649,2278.842,5554.362
2020-02-03 00:00:00,2906.107,2618.649,2278.919,5554.362
2020-02-04 00:00:00,2910.443,2625.996,2278.919,5556.636
2020-02-05 00:00:00,2912.664,2629.087,2278.919,5561.344
2020-02-06 00:00:00,2915.273,2633.087,2278.919,5572.189
2020-02-07 00:00:00,2918.213,2635.847,2278.919,5575.056
2020-02-08 00:00:00,2919.867,2640.261,2278.919,5587.723
2020-02-09 00:00:00,2929.813,2640.261,2280.524,5587.723
2020-02-10 00:00:00,2941.433,2640.261,2281.153,5587.723
2020-02-11 00:00:00,2943.356,2647.27,2281.153,5590.86
2020-02-12 00:00:00,2946.121,2651.597,2281.153,5595.465
2020-02-13 00:00:00,2949.202,2657.685,2281.153,5602.73
2020-02-14 00:00:00,2951.493,2662.194,2281.153,5603.206
2020-02-15 00:00:00,2954.249,2668.289,2281.153,5603.923
2020-02-16 00:00:00,2963.107,2668.289,2284.079,5603.923
2020-02-17 00:00:00,2978.582,2668.289,2284.104,5603.923
2020-02-18 00:00:00,2980.599,2672.071,2284.104,5615.221
2020-02-19 00:00:00,2982.483,2674.04,2284.104,5622.754
2020-02-20 00:00:00,2984.43,2680.298,2284.104,5628.235
2020-02-21 00:00:00,2986.229,2683.45,2284.104,5631.429
2020-02-22 00:00:00,2988.104,2688.742,2284.104,5636.367
2020-02-23 00:00:00,2998.892,2688.742,2284.14,5636.367
2020-02-24 00:00:00,3007.738,2688.742,2284.405,5636.367
2020-02-25 00:00:00,3009.531,2694.673,2284.405,5636.409
2020-02-26 00:00:00,3011.556,2697.207,2284.405,5650.208
2020-02-27 00:00:00,3013.508,2702.545,2284.405,5654.909
2020-02-28 00:00:00,3015.44,2705.87,2284.405,5655.543
2020-02-29 00:00:00,3017.165,2710.779,2284.405,5659.211
2020-03-01 00:00:00,3024.234,2710.779,2289.471,5659.211
2020-03-02 00:00:00,3033.484,2710.779,2294.328,5659.211
2020-03-03 00:00:00,3036.415,2719.735,2294.328,5660.184
2020-03-04 00:00:00,3038.134,2723.159,2294.328,5676.005
2020-03-05 00:00:00,3040.24,2727.244,2294.328,5686.012
2020-03-06 00:00:00,3043.042,2730.35,2294.328,5687.562
2020-03-07 00:00:00,3046.023,2738.559,2294.328,5687.606
2020-03-08 00:00:00,3051.093,2738.559,2307.25,5687.606
2020-03-09 00:00:00,3064.7,2738.559,2307.818,5687.606
2020-03-10 00:00:00,3066.573,2744.679,2307.818,5696.215
2020-03-11 00:00:00,3068.77,2748.264,2307.818,5696.923
2020-03-12 00:00:00,3070.75,2751.971,2307.818,5705.307
2020-03-13 00:00:00,3073.737,2755.327,2307.818,5723.459
2020-03-14 00:00:00,3076.092,2758.139,2307.818,5728.785
2020-03-15 00:00:00,3082.622,2758.139,2317.134,5728.785
2020-03-16 00:00:00,3089.829,2758.139,2320.147,5728.785
2020-03-17 00:00:00,3091.522,2764.017,2320.147,5742.135
2020-03-18 00:00:00,3093.078,2769.267,2320.147,5760.074
2020-03-19 00:00:00,3094.641,2774.287,2320.147,5769.644
2020-03-20 00:00:00,3096.155,2780.621,2320.147,5770.788
2020-03-21 00:00:00,3097.909,2788.047,2320.147,5771.43
2020-03-22 00:00:00,3103.422,2788.047,2334.598,5771.43
2020-03-23 00:00:00,3111.084,2788.047,2352.308,5771.43
2020-03-24 00:00:00,3112.7,2789.725,2352.308,5794.743
2020-03-30 00:00:00,3128.65,2800.278,2375.264,5877.116
2020-03-31 00:00:00,3130.3,2806.292,2375.264,5882.301
2020-04-01 00:00:00,3131.968,2809.872,2375.264,5906.188
2020-04-02 00:00:00,3133.826,2815.176,2375.264,5915.922
2020-04-03 00:00:00,3135.62,2818.607,2375.264,5923.166
2020-04-04 00:00:00,3137.3,2823.251,2375.264,5926.902
2020-04-05 00:00:00,3140.686,2823.251,2397.361,5926.902
2020-04-06 00:00:00,3145.492,2823.251,2418.068,5926.902
2020-04-07 00:00:00,3146.989,2826.072,2418.068,5946.817
2020-04-08 00:00:00,3148.365,2828.234,2418.068,5967.248
2020-04-09 00:00:00,3149.878,2830.147,2418.068,5986.047
2020-04-10 00:00:00,3151.365,2832.641,2418.068,6005.313
2020-04-11 00:00:00,3152.907,2836.653,2418.068,6026.728
2020-04-12 00:00:00,3157.617,2836.653,2439.445,6026.728
2020-04-13 00:00:00,3162.836,2836.653,2458.42,6026.728
2020-04-14 00:00:00,3168.104,2836.653,2471.684,6026.728
2020-04-15 00:00:00,3170.064,2839.883,2471.684,6033.956
2020-04-16 00:00:00,3171.806,2842.278,2471.684,6054.986
2020-04-17 00:00:00,3173.501,2843.92,2471.684,6076.104
2020-04-18 00:00:00,3174.948,2845.696,2471.684,6099.173
2020-04-19 00:00:00,3184.037,2845.696,2477.745,6099.173
2020-04-20 00:00:00,3188.36,2845.696,2500.353,6099.173
2020-04-21 00:00:00,3189.837,2848.048,2500.353,6122.156
2020-04-22 00:00:00,3191.137,2852.074,2500.353,6144.224
2020-04-23 00:00:00,3192.762,2853.445,2500.353,6168.347
2020-04-24 00:00:00,3194.241,2857.222,2500.353,6186.195
2020-04-25 00:00:00,3195.859,2859.847,2500.353,6207.775
2020-04-26 00:00:00,3199.704,2859.847,2514.745,6207.775
2020-04-27 00:00:00,3204.077,2859.847,2534.786,6207.775
2020-04-28 00:00:00,3206.89,2859.847,2556.697,6207.775
2020-04-29 00:00:00,3208.285,2862.31,2556.697,6213.134
2020-04-30 00:00:00,3209.776,2866.791,2556.697,6219.645
2020-05-01 00:00:00,3211.041,2869.071,2556.7,6235.144
2020-05-02 00:00:00,3212.514,2872.943,2556.7,6241.439
2020-05-03 00:00:00,3217.225,2872.943,2564.069,6241.439
2020-05-04 00:00:00,3225.361,2872.943,2570.823,6241.439
2020-05-05 00:00:00,3228.629,2883.248,2570.823,6260.248
2020-05-06 00:00:00,3242.627,2889.793,2570.823,6275.753
2020-05-07 00:00:00,3244.373,2890.786,2570.823,6299.429
2020-05-08 00:00:00,3245.831,2891.846,2570.823,6321.79
2020-05-09 00:00:00,3247.274,2893.639,2570.823,6339.965
2020-05-10 00:00:00,3251.456,2893.639,2592.736,6339.965
2020-05-11 00:00:00,3256.167,2893.639,2602.429,6339.965
2020-05-12 00:00:00,3257.698,2898.461,2602.429,6355.77
2020-05-13 00:00:00,3259.43,2900.725,2602.429,6365.817
2020-05-14 00:00:00,3261.163,2904.093,2602.429,6376.594
2020-05-15 00:00:00,3262.804,2905.665,2602.429,6396.924
2020-05-16 00:00:00,3264.333,2908.563,2602.429,6409.664
2020-05-17 00:00:00,3271.426,2908.563,2610.0,6409.664
2020-05-18 00:00:00,3277.311,2908.563,2620.079,6409.664
2020-05-19 00:00:00,3278.62,2911.811,2620.081,6431.141
2020-05-20 00:00:00,3279.939,2914.921,2620.081,6446.253
2020-05-21 00:00:00,3281.543,2917.535,2620.081,6456.503
2020-05-22 00:00:00,3284.77,2917.535,2640.837,6456.503
2020-05-23 00:00:00,3286.242,2923.309,2640.837,6463.39
2020-05-24 00:00:00,3289.588,2923.309,2655.503,6463.39
2020-05-25 00:00:00,3299.302,2923.309,2658.946,6463.39
2020-05-26 00:00:00,3301.222,2925.787,2658.946,6473.297
2020-05-27 00:00:00,3302.994,2928.333,2658.946,6495.413
2020-05-28 00:00:00,3304.389,2930.62,2658.946,6515.153
2020-05-29 00:00:00,3305.785,2932.03,2658.946,6540.49
2020-05-30 00:00:00,3307.075,2933.475,2658.946,6562.729
2020-05-31 00:00:00,3310.523,2933.475,2678.173,6562.729
2020-06-01 00:00:00,3313.712,2933.475,2702.157,6562.729
2020-06-02 00:00:00,3320.613,2933.475,2719.703,6562.729
2020-06-03 00:00:00,3321.974,2934.38,2719.703,6585.347
2020-06-04 00:00:00,3323.25,2936.505,2719.747,6602.824
2020-06-05 00:00:00,3325.29,2940.8,2719.747,6605.738
2020-06-06 00:00:00,3327.436,2943.72,2719.748,6611.944
2020-06-07 00:00:00,3332.685,2943.72,2730.75,6611.944
2020-06-08 00:00:00,3338.335,2943.72,2737.368,6611.944
2020-06-09 00:00:00,3340.016,2947.562,2737.368,6617.086
2020-06-10 00:00:00,3341.562,2949.145,2737.368,6625.459
2020-06-11 00:00:00,3343.263,2952.151,2737.368,6632.923
2020-06-12 00:00:00,3345.128,2954.239,2737.368,6642.59
2020-06-13 00:00:00,3346.825,2955.28,2737.368,6661.797
2020-06-14 00:00:00,3351.056,2955.28,2751.736,6661.797
2020-06-15 00:00:00,3357.255,2955.28,2759.026,6661.797
2020-06-16 00:00:00,3359.036,2957.017,2759.026,6679.162
2020-06-17 00:00:00,3361.49,2961.676,2759.026,6685.434
2020-06-25 00:00:00,3382.675,2975.512,2785.034,6789.585
2020-06-26 00:00:00,3384.286,2976.346,2785.034,6812.355
2020-06-27 00:00:00,3386.019,2979.195,2785.034,6834.735
2020-06-28 00:00:00,3389.703,2979.195,2800.202,6834.735
2020-06-29 00:00:00,3396.111,2979.195,2812.105,6834.735
2020-06-30 00:00:00,3397.731,2981.348,2812.105,6846.328
2020-07-01 00:00:00,3399.417,2983.519,2812.105,6853.871
2020-07-02 00:00:00,3401.026,2985.188,2812.105,6860.264
2020-07-03 00:00:00,3403.154,2987.724,2812.105,6872.431
2020-07-04 00:00:00,3404.597,2990.247,2812.106,6884.303
2020-07-05 00:00:00,3410.205,2990.247,2815.693,6884.303
2020-07-06 00:00:00,3418.044,2990.247,2822.071,6884.303
2020-07-07 00:00:00,3419.631,2996.02,2822.071,6895.411
2020-07-08 00:00:00,3421.061,2998.353,2822.071,6906.51
2020-07-09 00:00:00,3422.744,3002.305,2822.071,6908.613
2020-07-10 00:00:00,3424.142,3003.48,2822.071,6912.685
2020-07-11 00:00:00,3425.476,3010.033,2822.071,6919.415
2020-07-12 00:00:00,3430.655,3010.033,2835.833,6919.415
2020-07-13 00:00:00,3435.108,3010.033,2853.838,6919.415
2020-07-14 00:00:00,3436.787,3012.945,2853.838,6941.198
2020-07-15 00:00:00,3438.692,3014.83,2853.838,6945.027
2020-07-16 00:00:00,3440.459,3017.617,2853.838,6959.954
2020-07-17 00:00:00,3442.476,3018.592,2853.838,6967.239
2020-07-18 00:00:00,3443.72,3023.656,2853.839,6971.155
2020-07-19 00:00:00,3448.741,3023.656,2871.419,6971.155
2020-07-20 00:00:00,3457.149,3023.656,2884.812,6971.155
2020-07-21 00:00:00,3460.135,3025.85,2884.812,6990.69
2020-07-22 00:00:00,3461.323,3026.189,2884.812,7010.405
2020-07-23 00:00:00,3462.51,3026.604,2884.812,7026.879
2020-07-24 00:00:00,3463.735,3027.026,2884.812,7046.402
2020-07-25 00:00:00,3464.937,3027.443,2884.812,7055.576
2020-07-26 00:00:00,3466.629,3027.443,2891.231,7055.576
2020-07-27 00:00:00,3468.282,3027.443,2910.87,7055.576
2020-07-28 00:00:00,3469.484,3027.846,2910.872,7063.137
2020-07-29 00:00:00,3470.666,3028.283,2910.875,7078.005
2020-07-30 00:00:00,3471.858,3028.694,2910.875,7094.073
2020-07-31 00:00:00,3473.034,3029.127,2910.875,7117.93
2020-08-01 00:00:00,3474.28,3033.361,2910.875,7130.468
2020-08-02 00:00:00,3481.487,3033.361,2920.015,7130.468
2020-08-03 00:00:00,3488.481,3033.361,2932.496,7130.468
2020-08-04 00:00:00,3490.533,3037.533,2932.496,7143.385
2020-08-05 00:00:00,3492.165,3040.258,2932.496,7160.611
2020-08-06 00:00:00,3493.834,3042.803,2932.496,7183.04
2020-08-07 00:00:00,3495.566,3045.966,2932.496,7199.102
2020-08-08 00:00:00,3497.246,3049.336,2932.496,7209.307
2020-08-09 00:00:00,3505.827,3049.336,2941.74,7209.307
2020-08-10 00:00:00,3515.241,3049.336,2952.769,7209.307
2020-08-11 00:00:00,3516.96,3059.121,2952.769,7218.906
2020-08-12 00:00:00,3518.664,3067.16,2952.769,7229.502
2020-08-13 00:00:00,3521.013,3073.926,2952.769,7238.825
2020-08-14 00:00:00,3524.437,3080.352,2952.769,7246.073
2020-08-15 00:00:00,3526.182,3086.258,2952.769,7253.715
2020-08-16 00:00:00,3536.749,3086.258,2961.34,7253.715
2020-08-17 00:00:00,3542.876,3086.258,2967.137,7253.715
2020-08-18 00:00:00,3544.627,3090.142,2967.137,7259.225
2020-08-19 00:00:00,3546.475,3093.267,2967.137,7273.724
2020-08-20 00:00:00,3548.111,3100.121,2967.137,7285.27
2020-08-21 00:00:00,3549.712,3104.747,2967.137,7289.815
2020-08-22 00:00:00,3551.436,3113.537,2967.137,7298.684
2020-08-23 00:00:00,3558.66,3113.537,2980.87,7298.684
2020-08-24 00:00:00,3562.352,3113.537,2990.166,7298.684
2020-08-25 00:00:00,3563.983,3116.626,2990.166,7305.485
2020-08-26 00:00:00,3565.748,3121.524,2990.166,7308.957
2020-08-27 00:00:00,3568.113,3127.526,2990.166,7311.65
2020-08-28 00:00:00,3570.208,3129.143,2990.166,7319.469
2020-08-29 00:00:00,3571.889,3133.837,2990.166,7329.396
2020-08-30 00:00:00,3574.998,3133.837,3002.619,7329.396
2020-08-31 00:00:00,3582.584,3133.837,3004.081,7329.396
2020-09-01 00:00:00,3584.287,3139.115,3004.081,7335.393
2020-09-02 00:00:00,3585.967,3140.793,3004.081,7352.255
2020-09-03 00:00:00,3587.562,3144.328,3004.081,7371.504
2020-09-04 00:00:00,3589.202,3146.741,3004.081,7372.778
2020-09-05 00:00:00,3590.704,3149.228,3004.081,7384.602
2020-09-06 00:00:00,3595.735,3149.228,3016.571,7384.602
2020-09-07 00:00:00,3601.5,3149.228,3024.529,7384.602
2020-09-08 00:00:00,3603.168,3152.247,3024.529,7398.343
2020-09-09 00:00:00,3604.8,3157.727,3024.529,7400.036
2020-09-10 00:00:00,3606.515,3161.442,3024.529,7401.021
2020-09-11 00:00:00,3608.101,3165.596,3024.529,7413.655
2020-09-12 00:00:00,3609.635,3169.043,3024.529,7429.319
2020-09-13 00:00:00,3615.339,3169.043,3030.75,7429.319
2020-09-14 00:00:00,3619.091,3169.043,3048.422,7429.319
2020-09-15 00:00:00,3620.432,3172.569,3048.422,7444.856
2020-09-16 00:00:00,3622.154,3175.197,3048.422,7459.609
2020-09-17 00:00:00,3623.714,3178.682,3048.422,7471.435
2020-09-18 00:00:00,3626.68,3182.146,3048.422,7489.217
2020-09-19 00:00:00,3628.348,3184.551,3048.422,7508.866
2020-09-20 00:00:00,3632.34,3184.551,3065.959,7508.866
2020-09-21 00:00:00,3637.682,3184.551,3084.33,7508.866
2020-09-22 00:00:00,3639.355,3186.449,3084.33,7527.204
2020-09-23 00:00:00,3640.965,3189.358,3084.33,7546.123
2020-09-24 00:00:00,3642.68,3193.868,3084.33,7553.961
2020-09-25 00:00:00,3644.158,3196.104,3084.33,7568.804
2020-09-26 00:00:00,3645.692,3200.678,3084.33,7574.913
2020-09-27 00:00:00,3651.431,3200.678,3088.518,7574.913
2020-09-28 00:00:00,3658.658,3200.678,3090.312,7574.913
2020-09-29 00:00:00,3660.226,3211.757,3090.312,7574.922
2020-09-30 00:00:00,3661.559,3215.525,3090.312,7576.13
2020-10-01 00:00:00,3662.919,3219.538,3090.312,7585.392
2020-10-02 00:00:00,3664.329,3226.997,3090.312,7586.371
2020-10-03 00:00:00,3665.853,3234.866,3090.312,7594.844
2020-10-04 00:00:00,3674.34,3234.866,3091.082,7594.844
2020-10-05 00:00:00,3679.882,3234.866,3095.708,7594.844
2020-10-06 00:00:00,3681.545,3240.384,3095.708,7595.992
2020-10-07 00:00:00,3683.556,3246.138,3095.708,7598.354
2020-10-08 00:00:00,3685.494,3249.159,3095.708,7602.859
2020-10-09 00:00:00,3687.02,3255.028,3095.708,7603.362
2020-10-10 00:00:00,3688.733,3259.419,3095.708,7606.569
2020-10-11 00:00:00,3697.083,3259.419,3103.214,7606.569
2020-10-12 00:00:00,3704.189,3259.419,3112.836,7606.569
2020-10-13 00:00:00,3705.81,3265.866,3112.836,7609.045
2020-10-14 00:00:00,3707.589,3267.957,3112.836,7618.193
2020-10-22 00:00:00,3723.993,3313.563,3120.293,7634.009
2020-10-23 00:00:00,3725.586,3317.038,3120.293,7642.106
2020-10-24 00:00:00,3727.686,3329.7,3120.293,7644.171
2020-10-25 00:00:00,3736.133,3329.7,3121.212,7644.171
2020-10-26 00:00:00,3748.394,3329.7,3121.225,7644.171
2020-10-27 00:00:00,3750.35,3335.993,3121.225,7648.063
2020-10-28 00:00:00,3752.224,3342.204,3121.225,7648.498
2020-10-29 00:00:00,3754.194,3346.888,3121.225,7652.183
2020-10-30 00:00:00,3755.991,3349.726,3121.225,7656.462
2020-10-31 00:00:00,3758.026,3358.686,3121.225,7656.465
2020-11-01 00:00:00,3765.342,3358.686,3124.516,7656.465
2020-11-02 00:00:00,3773.654,3358.686,3126.068,7656.465
2020-11-03 00:00:00,3775.412,3364.334,3126.068,7657.684
2020-11-04 00:00:00,3776.918,3368.662,3126.068,7669.699
2020-11-05 00:00:00,3778.615,3376.507,3126.068,7678.434
2020-11-06 00:00:00,3780.458,3380.257,3126.068,7688.617
2020-11-07 00:00:00,3782.195,3383.942,3126.068,7698.061
2020-11-08 00:00:00,3790.019,3383.942,3134.097,7698.061
2020-11-09 00:00:00,3797.76,3383.942,3140.317,7698.061
2020-11-10 00:00:00,3799.939,3391.018,3140.317,7701.498
2020-11-11 00:00:00,3801.527,3394.891,3140.317,7706.291
2020-11-12 00:00:00,3803.442,3399.649,3140.317,7707.939
2020-11-13 00:00:00,3805.021,3404.422,3140.317,7711.341
2020-11-14 00:00:00,3807.589,3412.266,3140.317,7713.676
2020-11-15 00:00:00,3819.265,3412.266,3143.594,7713.676
2020-11-16 00:00:00,3829.254,3412.266,3145.333,7713.676
2020-11-17 00:00:00,3830.837,3422.476,3145.333,7714.036
2020-11-18 00:00:00,3832.571,3428.404,3145.333,7714.093
2020-11-19 00:00:00,3834.218,3433.1,3145.333,7723.447
2020-11-20 00:00:00,3836.348,3438.718,3145.333,7727.6
2020-11-21 00:00:00,3838.029,3444.67,3145.333,7734.391
2020-11-22 00:00:00,3851.609,3444.67,3145.339,7734.391
2020-11-23 00:00:00,3861.066,3444.67,3146.309,7734.391
2020-11-24 00:00:00,3863.049,3449.733,3146.309,7744.189
2020-11-25 00:00:00,3864.885,3456.962,3146.309,7747.76
2020-11-26 00:00:00,3866.8,3461.013,3146.309,7754.515
2020-11-27 00:00:00,3868.633,3468.871,3146.309,7754.523
2020-11-28 00:00:00,3870.453,3474.342,3146.309,7754.527
2020-11-29 00:00:00,3885.692,3474.342,3146.311,7754.527
2020-11-30 00:00:00,3892.603,3474.342,3152.974,7754.527
2020-12-01 00:00:00,3894.523,3486.423,3152.974,7754.532
2020-12-02 00:00:00,3896.5,3493.353,3152.974,7754.864
2020-12-03 00:00:00,3898.475,3501.644,3152.974,7754.864
2020-12-04 00:00:00,3900.501,3508.648,3152.974,7754.864
2020-12-05 00:00:00,3902.484,3516.838,3152.974,7757.106
2020-12-06 00:00:00,3909.693,3516.838,3160.396,7757.106
2020-12-07 00:00:00,3921.643,3516.838,3161.035,7757.106
2020-12-08 00:00:00,3923.302,3526.139,3161.035,7757.106
2020-12-09 00:00:00,3925.314,3530.571,3161.035,7758.553
2020-12-10 00:00:00,3927.166,3540.388,3161.035,7758.553
2020-12-11 00:00:00,3929.344,3543.655,3161.035,7762.034
2020-12-12 00:00:00,3931.583,3559.913,3161.035,7762.034
2020-12-13 00:00:00,3941.326,3559.913,3161.035,7762.034
2020-12-14 00:00:00,3953.955,3559.913,3161.6,7762.034
2020-12-15 00:00:00,3956.392,3572.599,3161.6,7762.034
2020-12-16 00:00:00,3959.033,3582.552,3161.6,7762.034
2020-12-17 00:00:00,3961.001,3589.303,3161.6,7767.137
2020-12-18 00:00:00,3962.932,3598.758,3161.6,7767.994
2020-12-19 00:00:00,3964.966,3608.771,3161.6,7773.206
2020-12-20 00:00:00,3989.031,3608.771,3163.184,7773.206
2020-12-21 00:00:00,4013.307,3608.771,3163.548,7773.206
2020-12-22 00:00:00,4020.101,3627.309,3163.548,7773.206
2020-12-23 00:00:00,4026.451,3646.569,3163.548,7773.296
2020-12-24 00:00:00,4032.635,3665.391,3163.548,7773.296
2020-12-25 00:00:00,4038.821,3682.768,3163.548,7773.331
2020-12-26 00:00:00,4053.964,3682.768,3168.268,7773.331
2020-12-27 00:00:00,4075.396,3682.768,3168.287,7773.331
2020-12-28 00:00:00,4099.594,3682.768,3168.287,7773.331
2020-12-29 00:00:00,4107.328,3699.575,3168.287,7774.897
2020-12-30 00:00:00,4111.957,3712.762,3168.287,7776.0
2020-12-31 00:00:00,4115.462,3726.744,3168.287,7776.005
2021-01-01 00:00:00,4119.93,3745.066,3168.287,7776.005
2021-01-02 00:00:00,4140.165,3745.066,3168.346,7776.005
2021-01-03 00:00:00,4160.358,3745.066,3168.346,7776.005
2021-01-04 00:00:00,4187.269,3745.066,3168.39,7776.005
2021-01-05 00:00:00,4191.107,3762.75,3168.39,7776.005
2021-01-06 00:00:00,4196.894,3773.442,3168.39,7776.005
2021-01-07 00:00:00,4201.795,3785.523,3168.39,7776.059
2021-01-08 00:00:00,4205.868,3798.159,3168.39,7776.059
2021-01-09 00:00:00,4212.181,3816.963,3168.39,7776.316
2021-01-10 00:00:00,4226.414,3816.963,3172.122,7776.316
2021-01-11 00:00:00,4244.852,3816.963,3175.634,7776.316
2021-01-12 00:00:00,4250.95,3833.232,3175.634,7776.316
2021-01-13 00:00:00,4255.342,3842.628,3175.634,7782.121
2021-01-14 00:00:00,4259.368,3854.202,3175.634,7785.341
2021-01-15 00:00:00,4263.355,3861.087,3175.634,7788.088
2021-01-16 00:00:00,4267.123,3874.85,3175.634,7788.088
2021-01-17 00:00:00,4286.843,3874.85,3175.635,7788.088
2021-01-18 00:00:00,4308.912,3874.85,3175.726,7788.088
2021-01-19 00:00:00,4313.185,3891.434,3175.726,7788.088
2021-01-20 00:00:00,4317.52,3901.918,3175.726,7788.088
2021-01-21 00:00:00,4322.017,3915.934,3175.726,7788.602
2021-01-22 00:00:00,4326.752,3927.784,3175.726,7789.504
2021-01-23 00:00:00,4330.894,3936.122,3175.726,7790.953
2021-01-24 00:00:00,4348.823,3936.122,3177.762,7790.953
2021-01-25 00:00:00,4368.218,3936.122,3183.391,7790.953
2021-01-26 00:00:00,4374.113,3947.465,3183.391,7797.629
2021-01-27 00:00:00,4378.268,3955.245,3183.391,7800.379
2021-01-28 00:00:00,4382.984,3971.196,3183.391,7800.379
2021-01-29 00:00:00,4388.945,3979.988,3183.391,7800.379
2021-01-30 00:00:00,4392.431,3989.028,3183.391,7800.435
2021-01-31 00:00:00,4402.646,3989.028,3185.068,7800.435
2021-02-01 00:00:00,4413.501,3989.028,3190.644,7800.435
2021-02-02 00:00:00,4415.655,3999.878,3190.644,7800.621
2021-02-03 00:00:00,4417.986,4006.794,3190.644,7800.638
2021-02-04 00:00:00,4420.148,4017.397,3190.644,7800.638
2021-02-05 00:00:00,4424.504,4027.486,3190.644,7801.969
2021-02-06 00:00:00,4428.302,4039.615,3190.644,7802.958
2021-02-07 00:00:00,4444.03,4039.615,3190.644,7802.958
2021-02-08 00:00:00,4453.521,4039.615,3190.728,7802.958
2021-02-09 00:00:00,4455.498,4053.261,3190.728,7802.958
2021-02-10 00:00:00,4457.698,4058.692,3190.728,7805.272
2021-02-11 00:00:00,4460.097,4067.72,3190.728,7808.284
2021-02-12 00:00:00,4464.145,4074.02,3190.728,7825.088
2021-02-13 00:00:00,4466.088,4083.348,3190.728,7837.996
2021-02-14 00:00:00,4470.601,4083.348,3209.389,7837.996
2021-02-15 00:00:00,4475.199,4083.348,3223.815,7837.996
2021-02-16 00:00:00,4477.041,4095.85,3223.815,7838.011
2021-02-17 00:00:00,4479.009,4101.394,3223.815,7843.454
2021-02-18 00:00:00,4481.14,4107.277,3223.815,7845.783
2021-02-19 00:00:00,4482.959,4111.179,3223.815,7848.18
2021-02-20 00:00:00,4484.942,4117.122,3223.815,7858.701
2021-02-21 00:00:00,4495.401,4117.122,3233.752,7858.701
2021-02-22 00:00:00,4502.366,4117.122,3245.772,7858.701
2021-02-23 00:00:00,4504.144,4124.837,3245.772,7863.479
2021-02-24 00:00:00,4506.198,4129.728,3245.772,7873.524
2021-02-25 00:00:00,4508.418,4134.125,3245.772,7886.742
2021-02-26 00:00:00,4510.578,4141.41,3245.772,7898.667
2021-02-27 00:00:00,4514.744,4149.35,3245.772,7912.941
2021-02-28 00:00:00,4522.865,4149.35,3256.932,7912.941
2021-03-01 00:00:00,4530.305,4149.35,3268.395,7912.941
2021-03-02 00:00:00,4532.373,4155.861,3268.395,7926.245
2021-03-03 00:00:00,4535.361,4160.093,3268.395,7944.733
2021-03-04 00:00:00,4537.917,4167.008,3268.395,7954.023
2021-03-05 00:00:00,4541.728,4174.22,3268.395,7954.35
2021-03-06 00:00:00,4543.687,4178.109,3268.395,7973.544
2021-03-07 00:00:00,4553.258,4178.109,3274.23,7973.544
2021-03-08 00:00:00,4560.952,4178.109,3278.049,7973.544
2021-03-09 00:00:00,4563.143,4182.964,3278.049,7975.27
2021-03-10 00:00:00,4564.968,4189.794,3278.049,7976.492
2021-03-11 00:00:00,4567.753,4196.224,3278.049,7977.686
2021-03-12 00:00:00,4570.346,4203.855,3278.049,7978.605
2021-03-13 00:00:00,4575.708,4211.718,3278.049,7980.121
2021-03-14 00:00:00,4585.968,4211.718,3284.808,7980.121
2021-03-15 00:00:00,4595.745,4211.718,3292.134,7980.121
2021-03-16 00:00:00,4597.802,4218.407,3292.134,7988.997
2021-03-17 00:00:00,4600.078,4221.297,3292.134,7997.443
2021-03-18 00:00:00,4602.053,4226.726,3292.134,8004.076
2021-03-19 00:00:00,4604.209,4229.743,3292.134,8007.791
2021-03-20 00:00:00,4606.787,4238.155,3292.134,8022.252
2021-03-21 00:00:00,4617.759,4238.155,3305.159,8022.252
2021-03-22 00:00:00,4625.334,4238.155,3309.091,8022.252
2021-03-23 00:00:00,4628.997,4247.976,3309.091,8025.766
2021-03-24 00:00:00,4631.996,4251.83,3309.091,8029.615
2021-03-25 00:00:00,4634.874,4257.794,3309.091,8045.781
2021-03-26 00:00:00,4637.778,4261.592,3309.091,8054.124
2021-03-27 00:00:00,4640.708,4266.463,3309.091,8066.675
2021-03-28 00:00:00,4649.129,4266.463,3316.969,8066.675
2021-03-29 00:00:00,4658.372,4266.463,3321.502,8066.675
2021-03-30 00:00:00,4661.048,4269.597,3321.502,8085.41
2021-03-31 00:00:00,4663.734,4273.161,3321.502,8106.407
2021-04-01 00:00:00,4666.113,4275.296,3321.502,8124.62
2021-04-02 00:00:00,4668.763,4277.317,3321.502,8145.981
2021-04-03 00:00:00,4671.758,4284.128,3321.502,8147.746
2021-04-04 00:00:00,4680.117,4284.128,3333.353,8147.746
2021-04-05 00:00:00,4694.298,4284.128,3335.656,8147.746
2021-04-06 00:00:00,4708.419,4284.128,3342.686,8147.746
2021-04-07 00:00:00,4713.653,4292.796,3342.686,8156.702
2021-04-08 00:00:00,4719.402,4301.382,3342.686,8160.004
2021-04-09 00:00:00,4728.093,4314.43,3342.686,8162.746
2021-04-10 00:00:00,4736.632,4323.979,3342.686,8168.359
2021-04-11 00:00:00,4767.551,4323.979,3342.765,8168.359
2021-04-12 00:00:00,4792.543,4323.979,3343.364,8168.359
2021-04-13 00:00:00,4801.037,4336.879,3343.364,8176.172
2021-04-14 00:00:00,4810.424,4345.355,3343.364,8187.212
2021-04-15 00:00:00,4819.18,4354.917,3343.364,8193.405
2021-04-16 00:00:00,4828.169,4365.402,3343.364,8197.817
2021-04-17 00:00:00,4837.56,4376.176,3343.364,8208.967
2021-04-18 00:00:00,4856.229,4376.176,3350.302,8208.967
2021-04-19 00:00:00,4878.238,4376.176,3357.731,8208.967
2021-04-20 00:00:00,4886.881,4388.368,3357.731,8213.331
2021-04-21 00:00:00,4895.651,4396.941,3357.731,8221.148
2021-04-22 00:00:00,4904.933,4405.848,3357.731,8229.724
2021-04-23 00:00:00,4913.601,4412.173,3357.731,8240.995
2021-04-24 00:00:00,4922.206,4419.943,3357.731,8249.454
2021-04-25 00:00:00,4938.919,4419.943,3366.894,8249.454
2021-04-26 00:00:00,4961.42,4419.943,3373.245,8249.454
2021-04-27 00:00:00,4971.736,4429.322,3373.245,8262.78
2021-04-28 00:00:00,4989.172,4429.322,3387.065,8262.78
2021-04-29 00:00:00,4999.814,4439.717,3387.065,8270.679
2021-04-30 00:00:00,5009.862,4457.927,3387.065,8270.679
2021-05-01 00:00:00,5019.696,4477.747,3387.065,8270.843
2021-05-02 00:00:00,5043.135,4477.747,3390.954,8270.843
2021-05-03 00:00:00,5067.867,4477.747,3394.934,8270.843
2021-05-04 00:00:00,5077.603,4494.222,3394.934,8273.782
2021-05-05 00:00:00,5087.23,4510.534,3394.934,8275.474
2021-05-06 00:00:00,5096.842,4522.746,3394.934,8281.371
2021-05-07 00:00:00,5107.201,4534.425,3394.934,8286.007
2021-05-08 00:00:00,5117.307,4544.554,3394.934,8296.471
2021-05-09 00:00:00,5141.075,4544.554,3395.342,8296.471
2021-05-10 00:00:00,5165.63,4544.554,3400.767,8296.471
2021-05-11 00:00:00,5175.549,4558.077,3400.767,8299.522
2021-05-12 00:00:00,5185.358,4578.216,3400.767,8299.713
2021-05-13 00:00:00,5195.934,4585.802,3400.767,8309.005
2021-05-14 00:00:00,5215.763,4585.802,3408.895,8309.005
2021-05-15 00:00:00,5225.488,4601.683,3408.895,8315.85
2021-05-16 00:00:00,5248.979,4601.683,3412.694,8315.85
2021-05-17 00:00:00,5271.576,4601.683,3416.056,8315.85
2021-05-18 00:00:00,5281.63,4618.306,3416.056,8317.88
2021-05-19 00:00:00,5291.406,4631.201,3416.056,8322.396
2021-05-20 00:00:00,5301.411,4645.975,3416.056,8325.017
2021-05-21 00:00:00,5311.282,4656.711,3416.056,8332.69
2021-05-22 00:00:00,5321.444,4667.119,3416.056,8338.261
2021-05-23 00:00:00,5352.81,4667.119,3416.265,8338.261
2021-05-24 00:00:00,5375.712,4667.119,3419.567,8338.261
2021-05-25 00:00:00,5399.985,4667.119,3419.868,8338.261
2021-05-26 00:00:00,5409.758,4680.045,3419.868,8342.335
2021-05-27 00:00:00,5419.527,4693.651,3419.868,8345.296
2021-05-28 00:00:00,5429.327,4709.366,3419.868,8346.244
2021-05-29 00:00:00,5439.126,4719.691,3419.868,8357.821
2021-05-30 00:00:00,5460.086,4719.691,3424.606,8357.821
2021-05-31 00:00:00,5477.909,4719.691,3435.148,8357.821
2021-06-01 00:00:00,5487.59,4730.697,3435.148,8368.484
2021-06-02 00:00:00,5497.503,4738.22,3435.148,8382.482
2021-06-03 00:00:00,5507.262,4748.044,3435.148,8395.005
2021-06-04 00:00:00,5517.054,4762.576,3435.148,8400.754
2021-06-05 00:00:00,5526.518,4772.117,3435.148,8406.325
2021-06-06 00:00:00,5559.012,4772.117,3435.159,8406.325
2021-06-07 00:00:00,5581.954,4772.117,3435.553,8406.325
2021-06-08 00:00:00,5591.495,4781.567,3435.553,8416.701
2021-06-09 00:00:00,5601.45,4790.609,3435.553,8426.638
2021-06-10 00:00:00,5611.058,4799.642,3435.553,8435.965
2021-06-11 00:00:00,5621.452,4809.369,3435.553,8446.578
2021-06-12 00:00:00,5631.425,4822.231,3435.553,8450.515
2021-06-13 00:00:00,5652.931,4822.231,3442.874,8450.515
2021-06-14 00:00:00,5671.198,4822.231,3452.869,8450.515
2021-06-15 00:00:00,5680.798,4833.241,3452.869,8461.58
2021-06-16 00:00:00,5690.623,4842.858,3452.869,8473.982
2021-06-17 00:00:00,5700.377,4855.863,3452.869,8480.273
2021-06-18 00:00:00,5710.281,4869.842,3452.869,8482.88
2021-06-19 00:00:00,5720.023,4885.231,3452.869,8484.967
2021-06-20 00:00:00,5739.314,4885.231,3459.666,8484.967
2021-06-21 00:00:00,5767.842,4885.231,3461.844,8484.967
2021-06-22 00:00:00,5777.387,4903.343,3461.844,8485.023
2021-06-23 00:00:00,5786.985,4914.676,3461.844,8493.722
2021-06-24 00:00:00,5796.589,4928.881,3461.844,8496.105
2021-06-25 00:00:00,5806.346,4938.497,3461.844,8496.779
2021-06-26 00:00:00,5816.184,4949.86,3461.844,8498.627
2021-06-27 00:00:00,5836.473,4949.86,3467.093,8498.627
2021-06-28 00:00:00,5854.882,4949.86,3474.489,8498.627
2021-06-29 00:00:00,5864.581,4969.917,3474.489,8499.559
2021-06-30 00:00:00,5874.511,4981.918,3474.489,8501.592
2021-07-01 00:00:00,5884.407,5001.079,3474.489,8501.592
2021-07-02 00:00:00,5894.225,5020.499,3474.489,8501.592
2021-07-03 00:00:00,5904.141,5032.526,3474.489,8503.591
2021-07-04 00:00:00,5926.207,5032.526,3478.232,8503.591
2021-07-05 00:00:00,5955.444,5032.526,3481.174,8503.591
2021-07-06 00:00:00,5965.624,5044.36,3481.174,8505.902
2021-07-07 00:00:00,5975.59,5057.519,3481.174,8511.26
2021-07-08 00:00:00,5986.554,5068.238,3481.174,8517.474
2021-07-09 00:00:00,5996.717,5078.276,3481.174,8523.791
2021-07-10 00:00:00,6006.915,5089.101,3481.174,8528.672
2021-07-11 00:00:00,6030.792,5089.101,3484.856,8528.672
2021-07-12 00:00:00,6054.159,5089.101,3488.343,8528.672
2021-07-13 00:00:00,6064.289,5107.453,3488.343,8532.093
2021-07-14 00:00:00,6074.568,5125.864,3488.343,8532.126
2021-07-15 00:00:00,6085.161,5147.387,3488.343,8532.126
2021-07-16 00:00:00,6095.325,5166.661,3488.343,8532.126
2021-07-17 00:00:00,6105.336,5187.337,3488.343,8532.148
2021-07-18 00:00:00,6122.654,5187.337,3500.439,8532.148
2021-07-19 00:00:00,6143.404,5187.337,3510.537,8532.148
2021-07-20 00:00:00,6153.74,5201.698,3510.537,8535.064
2021-07-21 00:00:00,6163.724,5210.256,3510.537,8545.36
2021-07-22 00:00:00,6173.618,5223.352,3510.537,8551.415
2021-07-23 00:00:00,6184.471,5234.583,3510.537,8556.906
2021-07-24 00:00:00,6194.626,5247.956,3510.537,8559.394
2021-07-25 00:00:00,6223.225,5247.956,3511.51,8559.394
2021-07-26 00:00:00,6244.117,5247.956,3520.703,8559.394
2021-07-27 00:00:00,6254.586,5261.961,3520.703,8564.337
2021-07-28 00:00:00,6264.786,5275.456,3520.703,8569.02
2021-07-29 00:00:00,6274.842,5288.831,3520.703,8572.974
2021-07-30 00:00:00,6285.453,5299.789,3520.703,8580.278
2021-07-31 00:00:00,6295.514,5309.071,3520.703,8584.783
2021-08-01 00:00:00,6315.261,5309.071,3525.201,8584.783
2021-08-02 00:00:00,6335.594,5309.071,3527.037,8584.783
2021-08-03 00:00:00,6345.201,5317.015,3527.037,8589.665
2021-08-04 00:00:00,6354.816,5328.366,3527.037,8590.504
2021-08-05 00:00:00,6364.47,5335.925,3527.037,8599.264
2021-08-06 00:00:00,6374.171,5346.939,3527.037,8604.578
2021-08-07 00:00:00,6383.806,5357.943,3527.037,8609.797
2021-08-08 00:00:00,6401.604,5357.943,3536.51,8609.797
2021-08-09 00:00:00,6420.308,5357.943,3543.823,8609.797
2021-08-10 00:00:00,6430.369,5372.087,3543.823,8612.415
2021-08-11 00:00:00,6440.517,5385.128,3543.823,8616.297
2021-08-12 00:00:00,6450.291,5394.964,3543.823,8626.136
2021-08-13 00:00:00,6461.111,5405.997,3543.823,8633.925
2021-08-14 00:00:00,6471.28,5417.912,3543.823,8638.999
2021-08-15 00:00:00,6489.667,5417.912,3552.286,8638.999
2021-08-16 00:00:00,6508.944,5417.912,3559.807,8638.999
2021-08-17 00:00:00,6519.097,5434.782,3559.807,8639.388
2021-08-18 00:00:00,6529.015,5449.644,3559.807,8639.473
2021-08-19 00:00:00,6538.904,5471.212,3559.807,8639.507
2021-08-20 00:00:00,6548.989,5490.798,3559.807,8639.507
2021-08-21 00:00:00,6559.121,5506.118,3559.807,8643.282
2021-08-22 00:00:00,6582.231,5506.118,3564.652,8643.282
2021-08-23 00:00:00,6606.739,5506.118,3566.962,8643.282
2021-08-24 00:00:00,6616.734,5519.83,3566.962,8648.289
2021-08-25 00:00:00,6626.832,5528.697,3566.962,8658.731
2021-08-26 00:00:00,6636.771,5541.631,3566.962,8666.274
2021-08-27 00:00:00,6647.182,5556.093,3566.962,8671.634
2021-08-28 00:00:00,6657.14,5567.788,3566.962,8675.622
2021-08-29 00:00:00,6680.849,5567.788,3567.692,8675.622
2021-08-30 00:00:00,6719.463,5567.788,3567.692,8675.622
2021-08-31 00:00:00,6729.358,5582.05,3567.692,8679.053
2021-09-01 00:00:00,6739.546,5593.604,3567.692,8685.918
2021-09-02 00:00:00,6749.777,5615.646,3567.692,8685.918
2021-09-03 00:00:00,6759.985,5627.168,3567.692,8691.941
2021-09-04 00:00:00,6770.339,5638.665,3567.692,8702.52
2021-09-05 00:00:00,6793.541,5638.665,3577.356,8702.52
2021-09-06 00:00:00,6812.449,5638.665,3589.096,8702.52
2021-09-07 00:00:00,6822.443,5651.406,3589.096,8707.583
2021-09-08 00:00:00,6832.803,5663.032,3589.096,8716.407
2021-09-09 00:00:00,6842.942,5678.956,3589.096,8723.309
2021-09-10 00:00:00,6852.576,5688.934,3589.096,8732.56
2021-09-11 00:00:00,6862.739,5707.44,3589.096,8734.591
2021-09-12 00:00:00,6893.16,5707.44,3589.9,8734.591
2021-09-13 00:00:00,6916.747,5707.44,3592.243,8734.591
2021-09-14 00:00:00,6926.764,5721.342,3592.243,8737.87
2021-09-15 00:00:00,6936.554,5734.398,3592.243,8745.724
2021-09-16 00:00:00,6946.577,5752.768,3592.243,8746.653
2021-09-17 00:00:00,6956.565,5765.148,3592.243,8753.02
2021-09-18 00:00:00,6966.777,5780.344,3592.243,8756.381
2021-09-19 00:00:00,6990.595,5780.344,3596.66,8756.381
2021-09-20 00:00:00,7017.875,5780.344,3599.923,8756.381
2021-09-21 00:00:00,7028.079,5801.648,3599.923,8758.907
2021-09-22 00:00:00,7037.999,5812.759,3599.923,8763.867
2021-09-23 00:00:00,7048.053,5824.608,3599.923,8772.291
2021-09-24 00:00:00,7057.783,5843.573,3599.923,8773.136
2021-09-25 00:00:00,7067.662,5859.962,3599.923,8775.179
2021-09-26 00:00:00,7101.363,5859.962,3599.923,8775.179
2021-09-27 00:00:00,7125.958,5859.962,3604.104,8775.179
2021-09-28 00:00:00,7136.013,5879.235,3604.104,8775.569
2021-09-29 00:00:00,7145.854,5890.615,3604.104,8785.937
2021-09-30 00:00:00,7155.567,5911.797,3604.104,8786.06
2021-10-01 00:00:00,7165.466,5929.42,3604.104,8789.84
2021-10-02 00:00:00,7175.874,5948.218,3604.104,8792.341
2021-10-03 00:00:00,7206.564,5948.218,3604.414,8792.341
2021-10-04 00:00:00,7239.227,5948.218,3604.414,8792.341
2021-10-05 00:00:00,7249.99,5968.196,3604.414,8798.717
2021-10-06 00:00:00,7259.922,5984.583,3604.414,8803.74
2021-10-07 00:00:00,7270.623,6004.676,3604.414,8806.065
2021-10-08 00:00:00,7280.492,6026.547,3604.414,8806.065
2021-10-09 00:00:00,7290.996,6044.367,3604.414,8812.244
2021-10-10 00:00:00,7315.515,6044.367,3612.412,8812.244
2021-10-11 00:00:00,7341.462,6044.367,3619.53,8812.244
2021-10-12 00:00:00,7352.383,6061.197,3619.53,8815.423
2021-10-13 00:00:00,7363.042,6077.307,3619.53,8818.72
2021-10-14 00:00:00,7372.722,6094.971,3619.53,8820.42
2021-10-15 00:00:00,7382.478,6118.252,3619.53,8820.583
2021-10-16 00:00:00,7392.32,6135.905,3619.53,8825.023
2021-10-17 00:00:00,7423.945,6135.905,3619.988,8825.023
2021-10-18 00:00:00,7452.959,6135.905,3621.513,8825.023
2021-10-19 00:00:00,7462.867,6153.466,3621.513,8826.743
2021-10-20 00:00:00,7472.458,6180.489,3621.513,8826.743
2021-10-21 00:00:00,7476.282,6202.293,3621.513,8826.771
2021-10-22 00:00:00,7486.732,6227.151,3621.513,8827.561
2021-10-23 00:00:00,7496.518,6245.986,3621.513,8828.073
2021-10-24 00:00:00,7520.21,6245.986,3621.98,8828.073
2021-10-25 00:00:00,7540.078,6245.986,3632.253,8828.073
2021-10-26 00:00:00,7549.742,6267.117,3632.253,8828.42
2021-10-27 00:00:00,7559.611,6290.177,3632.253,8828.533
2021-10-28 00:00:00,7568.98,6309.275,3632.253,8829.299
2021-10-29 00:00:00,7575.614,6318.11,3632.253,8839.677
2021-10-30 00:00:00,7582.538,6329.952,3632.253,8845.285
2021-10-31 00:00:00,7606.335,6329.952,3632.281,8845.285
2021-11-01 00:00:00,7630.827,6329.952,3634.695,8845.285
2021-11-02 00:00:00,7638.719,6350.115,3634.695,8846.817
2021-11-03 00:00:00,7648.661,6373.616,3634.695,8846.858
2021-11-04 00:00:00,7658.617,6399.799,3634.695,8846.858
2021-11-05 00:00:00,7668.391,6421.846,3634.695,8846.863
2021-11-06 00:00:00,7678.201,6440.318,3634.695,8850.438
2021-11-07 00:00:00,7707.291,6440.318,3634.695,8850.438
2021-11-08 00:00:00,7737.147,6440.318,3637.13,8850.438
2021-11-09 00:00:00,7746.415,6461.954,3637.13,8852.171
2021-11-10 00:00:00,7752.683,6474.255,3637.13,8860.826
2021-11-11 00:00:00,7759.791,6490.875,3637.13,8864.116
2021-11-12 00:00:00,7765.486,6506.327,3637.13,8864.116
2021-11-13 00:00:00,7771.71,6521.425,3637.13,8866.069
2021-11-14 00:00:00,7796.328,6521.425,3637.213,8866.069
2021-11-15 00:00:00,7821.477,6521.425,3637.214,8866.069
2021-11-16 00:00:00,7828.187,6540.565,3637.214,8866.069
2021-11-17 00:00:00,7832.811,6552.248,3637.214,8866.069
2021-11-18 00:00:00,7837.543,6565.815,3637.214,8867.375
2021-11-19 00:00:00,7842.14,6573.431,3637.214,8872.717
2021-11-20 00:00:00,7846.409,6586.44,3637.214,8872.765
2021-11-21 00:00:00,7870.219,6586.44,3637.214,8872.765
2021-11-22 00:00:00,7884.411,6586.44,3642.987,8872.765
2021-11-23 00:00:00,7888.098,6599.254,3642.987,8879.414
2021-11-24 00:00:00,7892.369,6615.54,3642.987,8882.004
2021-11-25 00:00:00,7896.794,6625.598,3642.987,8882.619
2021-11-26 00:00:00,7900.882,6633.02,3642.987,8883.806
2021-11-27 00:00:00,7904.386,6647.342,3642.987,8884.883
2021-11-28 00:00:00,7925.88,6647.342,3642.992,8884.883
2021-11-29 00:00:00,7942.1,6647.342,3643.761,8884.883
2021-11-30 00:00:00,7946.617,6658.63,3643.761,8890.523
2021-12-01 00:00:00,7950.987,6670.344,3643.761,8890.523
2021-12-02 00:00:00,7955.627,6682.735,3643.761,8891.023
2021-12-03 00:00:00,7960.052,6692.487,3643.761,8893.156
2021-12-04 00:00:00,7964.871,6708.036,3643.761,8893.156
2021-12-05 00:00:00,7984.803,6708.036,3643.761,8893.156
2021-12-06 00:00:00,8011.637,6708.036,3643.812,8893.156
2021-12-07 00:00:00,8016.035,6720.762,3643.812,8893.157
2021-12-08 00:00:00,8020.523,6734.715,3643.812,8897.146
2021-12-09 00:00:00,8024.91,6746.629,3643.812,8899.404
2021-12-10 00:00:00,8029.167,6760.901,3643.812,8899.622
2021-12-11 00:00:00,8033.779,6770.824,3643.812,8899.884
2021-12-12 00:00:00,8054.272,6770.824,3643.812,8899.884
2021-12-13 00:00:00,8073.335,6770.824,3643.812,8899.884
2021-12-14 00:00:00,8077.738,6784.036,3643.812,8899.884
2021-12-15 00:00:00,8082.011,6797.785,3643.812,8899.884
2021-12-16 00:00:00,8086.972,6812.952,3643.812,8899.884
2021-12-17 00:00:00,8091.258,6830.158,3643.812,8899.884
2021-12-18 00:00:00,8095.536,6845.148,3643.812,8899.884
2021-12-19 00:00:00,8118.537,6845.148,3643.812,8899.884
2021-12-20 00:00:00,8140.903,6845.148,3643.812,8899.884
2021-12-21 00:00:00,8145.535,6856.475,3643.812,8906.597
2021-12-22 00:00:00,8149.848,6865.713,3643.812,8912.779
2021-12-23 00:00:00,8154.078,6879.19,3643.812,8914.481
2021-12-24 00:00:00,8158.585,6899.513,3643.812,8914.481
2021-12-25 00:00:00,8163.182,6913.327,3643.812,8914.481
2021-12-26 00:00:00,8179.655,6913.327,3651.787,8914.481
2021-12-27 00:00:00,8192.638,6913.327,3657.752,8914.481
2021-12-28 00:00:00,8197.047,6928.454,3657.752,8914.567
2021-12-29 00:00:00,8201.42,6945.214,3657.752,8914.567
2021-12-30 00:00:00,8206.24,6960.479,3657.752,8914.567
2021-12-31 00:00:00,8212.299,6979.646,3657.752,8914.567
2022-01-01 00:00:00,8216.593,6996.039,3657.752,8914.707
2022-01-02 00:00:00,8233.79,6996.039,3657.762,8914.707
2022-01-03 00:00:00,8250.941,6996.039,3658.294,8914.707
2022-01-04 00:00:00,8255.067,7007.282,3658.294,8915.546
2022-01-05 00:00:00,8259.27,7024.191,3658.294,8915.547
2022-01-06 00:00:00,8263.562,7040.15,3658.294,8915.672
2022-01-07 00:00:00,8268.085,7051.083,3658.294,8922.679
2022-01-08 00:00:00,8272.045,7064.988,3658.294,8923.008
2022-01-09 00:00:00,8292.512,7064.988,3658.297,8923.008
2022-01-10 00:00:00,8310.118,7064.988,3658.731,8923.008
2022-01-11 00:00:00,8314.507,7076.28,3658.731,8926.658
2022-01-12 00:00:00,8318.111,7084.079,3658.731,8930.947
2022-01-13 00:00:00,8322.492,7096.603,3658.731,8931.027
2022-01-14 00:00:00,8327.111,7110.743,3658.731,8931.027
2022-01-15 00:00:00,8331.489,7122.625,3658.731,8931.027
2022-01-16 00:00:00,8353.796,7122.625,3658.731,8931.027
2022-01-17 00:00:00,8377.564,7122.625,3658.731,8931.027
2022-01-18 00:00:00,8382.948,7135.584,3658.731,8931.041
2022-01-19 00:00:00,8387.231,7147.619,3658.731,8931.041
2022-01-20 00:00:00,8391.445,7162.915,3658.731,8931.041
2022-01-21 00:00:00,8396.967,7173.808,3658.731,8934.459
2022-01-22 00:00:00,8402.0,7187.182,3658.731,8935.263
2022-01-23 00:00:00,8425.481,7187.182,3658.731,8935.263
2022-01-24 00:00:00,8449.49,7187.182,3658.731,8935.263
2022-01-25 00:00:00,8454.789,7204.214,3658.731,8935.263
2022-01-26 00:00:00,8459.948,7225.3,3658.731,8935.263
2022-01-27 00:00:00,8465.417,7243.328,3658.731,8935.263
2022-01-28 00:00:00,8470.892,7259.922,3658.731,8935.277
2022-01-30 00:00:00,8500.224,7270.71,3658.759,8936.71
2022-01-31 00:00:00,8517.321,7270.71,3662.719,8936.71
2022-02-01 00:00:00,8523.761,7293.609,3662.719,8936.71
2022-02-02 00:00:00,8529.422,7312.672,3662.719,8936.71
2022-02-03 00:00:00,8534.933,7324.328,3662.719,8942.64
2022-02-04 00:00:00,8540.562,7339.574,3662.719,8942.64
2022-02-05 00:00:00,8546.339,7350.254,3662.719,8942.698
2022-02-06 00:00:00,8562.296,7350.254,3664.897,8942.698
2022-02-07 00:00:00,8586.828,7350.254,3664.905,8942.698
2022-02-08 00:00:00,8591.931,7363.345,3664.905,8945.705
2022-02-09 00:00:00,8597.599,7374.399,3664.905,8946.132
2022-02-10 00:00:00,8603.317,7388.774,3664.905,8946.182
2022-02-11 00:00:00,8609.031,7407.223,3664.905,8946.259
2022-02-12 00:00:00,8614.972,7420.06,3664.905,8948.787
2022-02-13 00:00:00,8631.841,7420.06,3673.365,8948.787
2022-02-14 00:00:00,8649.318,7420.06,3677.63,8948.787
2022-02-15 00:00:00,8655.735,7431.295,3677.63,8950.938
2022-02-16 00:00:00,8661.857,7442.482,3677.63,8954.14
2022-02-17 00:00:00,8667.628,7460.784,3677.63,8954.14
2022-02-18 00:00:00,8673.264,7470.374,3677.63,8960.642
2022-02-19 00:00:00,8678.929,7484.335,3677.63,8960.666
2022-02-20 00:00:00,8695.141,7484.335,3680.89,8960.666
2022-02-21 00:00:00,8722.865,7484.335,3680.89,8960.666
2022-02-22 00:00:00,8728.989,7499.797,3680.89,8960.698
2022-02-23 00:00:00,8734.715,7513.991,3680.89,8960.82
2022-02-24 00:00:00,8740.387,7523.406,3680.89,8974.046
2022-02-25 00:00:00,8746.196,7534.536,3680.89,8977.743
2022-02-26 00:00:00,8751.921,7544.771,3680.89,8983.526
2022-02-27 00:00:00,8765.931,7544.771,3691.795,8983.526
2022-02-28 00:00:00,8780.039,7544.771,3704.176,8983.526
2022-03-01 00:00:00,8785.731,7550.84,3704.176,8997.231
2022-03-02 00:00:00,8791.716,7557.389,3704.176,9001.272
2022-03-03 00:00:00,8797.903,7565.444,3704.176,9012.287
2022-03-04 00:00:00,8803.84,7571.747,3704.176,9028.188
2022-03-05 00:00:00,8809.867,7581.177,3704.176,9044.421
2022-03-06 00:00:00,8822.161,7581.177,3718.917,9044.421
2022-03-07 00:00:00,8835.983,7581.177,3731.975,9044.421
2022-03-08 00:00:00,8841.605,7589.094,3731.975,9055.54
2022-03-09 00:00:00,8846.763,7596.213,3731.975,9073.962
2022-03-10 00:00:00,8852.819,7604.783,3731.975,9088.803
2022-03-11 00:00:00,8858.634,7614.122,3731.975,9103.695
2022-03-12 00:00:00,8864.325,7621.831,3731.975,9117.493
2022-03-13 00:00:00,8877.064,7621.831,3737.851,9117.493
2022-03-14 00:00:00,8891.102,7621.831,3747.451,9117.493
2022-03-15 00:00:00,8896.703,7631.539,3747.451,9121.64
2022-03-16 00:00:00,8901.946,7639.602,3747.451,9123.346
2022-03-17 00:00:00,8903.622,7649.109,3747.451,9134.929
2022-03-18 00:00:00,8905.689,7655.876,3747.451,9145.153
2022-03-19 00:00:00,8909.412,7657.577,3747.451,9165.909
2022-03-20 00:00:00,8911.521,7657.577,3771.222,9165.909
2022-03-21 00:00:00,8914.293,7657.577,3777.436,9165.909
2022-03-22 00:00:00,8916.327,7663.286,3777.436,9181.982
2022-03-23 00:00:00,8918.014,7665.512,3777.436,9202.206
2022-03-24 00:00:00,8919.729,7667.813,3777.436,9222.727
2022-03-25 00:00:00,8921.123,7671.589,3777.436,9242.414
2022-03-26 00:00:00,8922.778,7675.268,3777.436,9261.252
2022-03-27 00:00:00,8927.04,7675.268,3795.921,9261.252
2022-03-28 00:00:00,8932.471,7675.268,3814.014,9261.252
2022-03-29 00:00:00,8934.073,7681.041,3814.014,9271.183
2022-03-30 00:00:00,8935.482,7682.957,3814.014,9286.835
2022-03-31 00:00:00,8936.915,7686.303,3814.014,9295.95
2022-04-01 00:00:00,8938.688,7691.912,3814.014,9296.218
2022-04-02 00:00:00,8940.355,7696.916,3814.014,9298.521
2022-04-03 00:00:00,8949.284,7696.916,3821.082,9298.521
2022-04-04 00:00:00,8956.147,7696.916,3832.272,9298.521
2022-04-05 00:00:00,8959.384,7701.418,3832.272,9299.052
2022-04-06 00:00:00,8961.058,7710.215,3832.272,9301.256
2022-04-07 00:00:00,8962.969,7724.014,3832.272,9301.299
2022-04-08 00:00:00,8964.629,7727.441,3832.272,9307.748
2022-04-09 00:00:00,8966.51,7730.572,3832.272,9314.365
2022-04-10 00:00:00,8974.327,7730.572,3837.118,9314.365
2022-04-11 00:00:00,8980.23,7730.572,3855.664,9314.365
2022-04-12 00:00:00,8981.84,7733.292,3855.664,9331.051
2022-04-13 00:00:00,8983.505,7737.641,3855.664,9346.83
2022-04-14 00:00:00,8985.072,7742.346,3855.664,9352.089
2022-04-15 00:00:00,8986.525,7745.471,3855.664,9367.99
2022-04-16 00:00:00,8987.982,7752.279,3855.664,9369.937
2022-04-17 00:00:00,8991.079,7752.279,3876.589,9369.937
2022-04-22 00:00:00,9003.268,7757.524,3919.931,9438.572
2022-04-23 00:00:00,9004.829,7761.529,3919.931,9453.323
2022-04-24 00:00:00,9011.271,7761.529,3938.834,9453.323
2022-04-25 00:00:00,9014.128,7761.529,3960.581,9453.323
2022-04-26 00:00:00,9015.62,7768.154,3960.581,9454.603
2022-04-27 00:00:00,9017.329,7773.252,3960.581,9465.202
2022-04-28 00:00:00,9021.302,7773.252,3979.362,9465.202
2022-04-29 00:00:00,9023.475,7777.595,3979.362,9487.549
2022-04-30 00:00:00,9025.393,7778.759,3979.362,9501.735
2022-05-01 00:00:00,9027.231,7778.759,3992.621,9501.735
2022-05-02 00:00:00,9029.078,7778.759,4005.934,9501.735
2022-05-03 00:00:00,9030.37,7779.407,4005.934,9524.274
2022-05-04 00:00:00,9031.685,7781.565,4005.934,9536.582
2022-05-05 00:00:00,9032.994,7783.319,4005.934,9559.242
2022-05-06 00:00:00,9034.376,7785.119,4005.934,9575.337
2022-05-07 00:00:00,9035.713,7785.819,4005.934,9596.333
2022-05-08 00:00:00,9043.649,7785.819,4015.145,9596.333
2022-05-09 00:00:00,9046.426,7785.819,4039.186,9596.333
2022-05-10 00:00:00,9047.878,7787.954,4039.186,9617.025
2022-05-11 00:00:00,9049.243,7790.991,4039.186,9625.769
2022-05-12 00:00:00,9050.906,7793.171,4039.186,9645.692
2022-05-13 00:00:00,9052.424,7796.723,4039.186,9663.101
2022-05-14 00:00:00,9054.331,7800.561,4039.186,9674.153
2022-05-20 00:00:00,9069.734,7820.411,4074.712,9715.973
2022-05-21 00:00:00,9071.564,7822.878,4074.712,9726.487
2022-05-22 00:00:00,9077.787,7822.878,4081.958,9726.487
2022-05-23 00:00:00,9082.551,7822.878,4104.328,9726.487
2022-05-24 00:00:00,9083.956,7825.512,4104.328,9736.516
2022-05-25 00:00:00,9085.545,7828.552,4104.328,9748.483
2022-05-26 00:00:00,9087.025,7830.589,4104.328,9757.592
2022-05-27 00:00:00,9092.668,7830.589,4117.346,9757.592
2022-05-28 00:00:00,9094.5,7835.538,4117.346,9771.474
2022-05-29 00:00:00,9102.229,7835.538,4133.988,9771.474
2022-05-30 00:00:00,9107.887,7835.538,4139.616,9771.474
2022-05-31 00:00:00,9109.293,7838.159,4139.616,9783.349
2022-06-01 00:00:00,9110.652,7840.256,4139.616,9792.439
2022-06-02 00:00:00,9112.007,7842.517,4139.625,9804.005
2022-06-03 00:00:00,9113.406,7845.632,4139.625,9824.904
2022-06-04 00:00:00,9114.909,7847.925,4139.625,9847.335
2022-06-05 00:00:00,9119.603,7847.925,4149.408,9847.335
2022-06-06 00:00:00,9124.029,7847.925,4153.461,9847.335
2022-06-07 00:00:00,9131.63,7847.925,4165.102,9847.335
2022-06-08 00:00:00,9133.165,7851.419,4165.102,9857.619
2022-06-09 00:00:00,9134.708,7855.168,4165.102,9862.631
2022-06-10 00:00:00,9136.128,7858.733,4165.102,9877.441
2022-06-11 00:00:00,9137.624,7861.916,4165.102,9886.874
2022-06-19 00:00:00,9156.697,7872.879,4211.001,9984.02
2022-06-20 00:00:00,9161.161,7872.879,4216.272,9984.02
2022-06-21 00:00:00,9162.58,7876.402,4216.275,10000.449
2022-06-22 00:00:00,9164.054,7878.311,4216.275,10018.127
2022-06-23 00:00:00,9165.628,7879.33,4216.275,10036.553
2022-06-24 00:00:00,9167.141,7882.139,4216.275,10052.151
2022-06-25 00:00:00,9169.029,7884.877,4216.275,10061.693
2022-06-26 00:00:00,9177.308,7884.877,4225.069,10061.693
2022-06-27 00:00:00,9181.429,7884.877,4234.321,10061.693
2022-06-28 00:00:00,9183.04,7889.025,4234.321,10065.765
2022-06-29 00:00:00,9184.608,7890.543,4234.321,10086.687
2022-06-30 00:00:00,9187.074,7894.628,4234.321,10103.748
2022-07-01 00:00:00,9188.79,7898.484,4234.321,10114.654
2022-07-02 00:00:00,9190.314,7902.084,4234.321,10130.189
2022-07-03 00:00:00,9192.443,7902.084,4252.591,10130.189
2022-07-04 00:00:00,9195.284,7902.084,4269.881,10130.189
2022-07-05 00:00:00,9196.712,7905.431,4269.881,10145.022
2022-07-06 00:00:00,9199.027,7906.931,4269.881,10158.581
2022-07-07 00:00:00,9201.145,7908.776,4269.881,10171.346
2022-07-08 00:00:00,9202.59,7910.828,4269.881,10179.595
2022-07-09 00:00:00,9204.774,7913.385,4269.881,10191.071
2022-07-10 00:00:00,9206.982,7913.385,4286.0,10191.071
2022-07-11 00:00:00,9211.852,7913.385,4289.315,10191.071
2022-07-12 00:00:00,9213.42,7919.06,4289.315,10195.328
2022-07-13 00:00:00,9215.043,7922.433,4289.315,10209.513
2022-07-14 00:00:00,9216.58,7927.602,4289.315,10229.486
2022-07-15 00:00:00,9218.239,7929.451,4289.315,10243.025
2022-07-16 00:00:00,9219.669,7930.637,4289.315,10247.019
2022-07-17 00:00:00,9224.851,7930.637,4303.815,10247.019
2022-07-18 00:00:00,9227.305,7930.637,4320.001,10247.019
2022-07-19 00:00:00,9228.758,7933.465,4320.001,10259.972
2022-07-20 00:00:00,9230.254,7938.817,4320.001,10269.492
2022-07-21 00:00:00,9231.845,7943.668,4320.001,10277.971
2022-07-22 00:00:00,9233.319,7948.088,4320.001,10281.47
2022-07-23 00:00:00,9234.892,7951.006,4320.001,10287.895
2022-07-24 00:00:00,9237.819,7951.006,4335.96,10287.895
2022-07-25 00:00:00,9241.927,7951.006,4350.918,10287.895
2022-07-26 00:00:00,9243.701,7958.465,4350.918,10292.585
2022-07-27 00:00:00,9246.145,7964.422,4350.918,10298.952
2022-07-28 00:00:00,9247.939,7968.393,4350.918,10309.43
2022-07-29 00:00:00,9249.449,7970.581,4350.918,10327.086
2022-07-30 00:00:00,9250.851,7972.544,4350.918,10342.458
2022-07-31 00:00:00,9252.57,7972.544,4372.785,10342.458
2022-08-01 00:00:00,9254.33,7972.544,4378.401,10342.458
2022-08-02 00:00:00,9255.611,7973.018,4378.401,10356.271
2022-08-03 00:00:00,9256.826,7973.466,4378.401,10378.186
2022-08-04 00:00:00,9258.058,7973.917,4378.402,10401.923
2022-08-05 00:00:00,9259.318,7974.4,4378.402,10416.511
2022-08-06 00:00:00,9260.614,7974.923,4378.402,10431.561
2022-08-07 00:00:00,9262.427,7974.923,4394.374,10431.561
2022-08-08 00:00:00,9264.167,7974.923,4417.231,10431.561
2022-08-09 00:00:00,9265.443,7975.54,4417.231,10449.397
2022-08-10 00:00:00,9266.71,7976.074,4417.231,10472.794
2022-08-11 00:00:00,9268.013,7976.591,4417.231,10497.147
2022-08-12 00:00:00,9269.306,7980.341,4417.231,10513.422
2022-08-13 00:00:00,9270.647,7987.287,4417.231,10523.953
2022-08-14 00:00:00,9276.252,7987.287,4434.886,10523.953
2022-08-15 00:00:00,9284.079,7987.287,4444.82,10523.953
2022-08-16 00:00:00,9285.51,7990.583,4444.82,10535.46
2022-08-17 00:00:00,9286.944,7993.058,4444.82,10551.785
2022-08-18 00:00:00,9288.362,8000.715,4444.82,10555.303
2022-08-19 00:00:00,9289.779,8005.634,4444.82,10560.061
2022-08-20 00:00:00,9291.268,8009.001,4444.82,10578.051
2022-08-21 00:00:00,9294.85,8009.001,4457.659,10578.051
2022-08-22 00:00:00,9297.53,8009.001,4473.769,10578.051
2022-08-23 00:00:00,9298.944,8014.179,4473.769,10590.242
2022-08-24 00:00:00,9300.576,8019.428,4473.769,10606.368
2022-08-25 00:00:00,9302.762,8026.078,4473.769,10623.405
2022-08-26 00:00:00,9304.32,8031.83,4473.769,10636.631
2022-08-27 00:00:00,9306.806,8035.14,4473.769,10639.239
2022-08-28 00:00:00,9311.075,8035.14,4482.494,10639.239
2022-08-29 00:00:00,9314.721,8035.14,4495.473,10639.239
2022-08-30 00:00:00,9316.192,8037.468,4495.473,10649.757
2022-08-31 00:00:00,9317.663,8039.204,4495.473,10669.958
2022-09-01 00:00:00,9319.386,8042.279,4495.473,10685.352
2022-09-02 00:00:00,9320.99,8043.505,4495.473,10706.872
2022-09-03 00:00:00,9322.648,8049.395,4495.473,10718.311
2022-09-04 00:00:00,9326.784,8049.395,4515.7,10718.311
2022-09-05 00:00:00,9333.052,8049.395,4531.289,10718.311
2022-09-06 00:00:00,9334.635,8052.747,4531.289,10735.623
2022-09-07 00:00:00,9336.265,8057.882,4531.289,10751.03
2022-09-08 00:00:00,9337.886,8061.83,4531.289,10760.003
2022-09-09 00:00:00,9339.529,8066.693,4531.289,10767.019
2022-09-10 00:00:00,9341.298,8070.374,4531.289,10772.076
2022-09-11 00:00:00,9347.982,8070.374,4536.761,10772.076
2022-09-12 00:00:00,9352.056,8070.374,4552.35,10772.076
2022-09-13 00:00:00,9353.513,8074.094,4552.35,10786.87
2022-09-14 00:00:00,9355.06,8076.162,4552.35,10798.246
2022-09-15 00:00:00,9356.601,8081.117,4552.35,10801.575
2022-09-16 00:00:00,9357.958,8085.07,4552.35,10808.885
2022-09-17 00:00:00,9359.497,8087.708,4552.35,10821.607
2022-09-18 00:00:00,9364.904,8087.708,4563.141,10821.607
2022-09-19 00:00:00,9373.182,8087.708,4563.427,10821.607
2022-09-20 00:00:00,9374.779,8091.111,4563.427,10836.105
2022-09-21 00:00:00,9376.176,8093.074,4563.427,10845.116
2022-09-22 00:00:00,9377.562,8098.25,4563.427,10857.625
2022-09-23 00:00:00,9379.151,8100.365,4563.427,10875.25
2022-09-24 00:00:00,9381.161,8105.274,4563.427,10879.79
2022-09-25 00:00:00,9390.655,8105.274,4563.615,10879.79
2022-09-26 00:00:00,9397.385,8105.274,4574.707,10879.79
2022-09-27 00:00:00,9399.127,8113.074,4574.707,10879.85
2022-09-28 00:00:00,9401.444,8118.464,4574.707,10884.448
2022-09-29 00:00:00,9402.971,8121.265,4574.707,10894.769
2022-09-30 00:00:00,9404.487,8125.712,4574.707,10907.998
2022-10-01 00:00:00,9406.725,8129.342,4574.707,10923.993
2022-10-02 00:00:00,9414.372,8129.342,4586.601,10923.993
2022-10-03 00:00:00,9420.117,8129.342,4594.649,10923.993
2022-10-04 00:00:00,9421.692,8134.71,4594.649,10931.186
2022-10-05 00:00:00,9423.802,8138.39,4594.649,10946.623
2022-10-06 00:00:00,9425.508,8142.413,4594.649,10952.834
2022-10-07 00:00:00,9426.95,8149.281,4594.649,10966.636
2022-10-08 00:00:00,9428.972,8153.418,4594.649,10981.606
2022-10-09 00:00:00,9440.053,8153.418,4606.52,10981.606
2022-10-10 00:00:00,9445.705,8153.418,4621.709,10981.606
2022-10-11 00:00:00,9447.237,8165.277,4621.709,10986.682
2022-10-12 00:00:00,9448.8,8169.101,4621.709,11001.938
2022-10-13 00:00:00,9450.386,8172.089,4621.709,11013.94
2022-10-14 00:00:00,9451.86,8178.499,4621.709,11015.375
2022-10-15 00:00:00,9453.4,8185.594,4621.709,11015.393
2022-10-16 00:00:00,9461.948,8185.594,4622.616,11015.393
2022-10-17 00:00:00,9467.426,8185.594,4635.291,11015.393
2022-10-18 00:00:00,9468.946,8199.364,4635.291,11015.463
2022-10-19 00:00:00,9470.675,8203.695,4635.291,11032.05
2022-10-20 00:00:00,9472.14,8208.471,4635.291,11046.451
2022-10-21 00:00:00,9473.797,8213.574,4635.291,11047.64
2022-10-22 00:00:00,9475.772,8221.858,4635.291,11048.79
2022-10-23 00:00:00,9480.267,8221.858,4642.148,11048.79
2022-10-24 00:00:00,9484.804,8221.858,4644.334,11048.79
2022-10-25 00:00:00,9486.522,8233.778,4644.334,11051.997
2022-10-26 00:00:00,9488.202,8237.101,4644.334,11060.204
2022-10-27 00:00:00,9489.83,8241.95,4644.334,11070.911
2022-10-30 00:00:00,9509.165,8296.767,4647.481,11080.252
2023-03-06 00:00:00,10400.49,9861.14,4767.086,11409.851
2023-03-07 00:00:00,10403.783,9869.315,4767.086,11417.059
2023-03-08 00:00:00,10406.91,9875.039,4767.086,11418.425
2023-03-09 00:00:00,10408.681,9880.392,4767.086,11420.626
2023-03-10 00:00:00,10410.51,9885.287,4767.086,11421.319
2023-03-11 00:00:00,10412.51,9892.952,4767.086,11421.407
2023-03-12 00:00:00,10422.437,9892.952,4776.598,11421.407
2023-03-13 00:00:00,10436.109,9892.952,4776.969,11421.407
2023-03-14 00:00:00,10439.505,9899.608,4776.969,11430.999
2023-03-15 00:00:00,10441.321,9903.392,4776.969,11441.092
2023-03-16 00:00:00,10443.312,9908.082,4776.969,11460.758
2023-03-17 00:00:00,10445.169,9912.47,4776.969,11469.524
2023-03-18 00:00:00,10447.035,9916.542,4776.969,11477.305
2023-03-19 00:00:00,10454.753,9916.542,4785.966,11477.305
2023-03-20 00:00:00,10464.669,9916.542,4793.687,11477.305
2023-03-21 00:00:00,10467.735,9925.747,4793.687,11478.721
2023-03-22 00:00:00,10469.758,9929.384,4793.687,11482.661
2023-03-23 00:00:00,10471.607,9938.053,4793.687,11483.059
2023-03-24 00:00:00,10473.449,9942.447,4793.687,11491.831
2023-03-25 00:00:00,10475.557,9946.096,4793.687,11497.764
2023-03-26 00:00:00,10486.733,9946.096,4796.843,11497.764
2023-03-27 00:00:00,10496.534,9946.096,4797.299,11497.764
2023-03-28 00:00:00,10498.276,9951.648,4797.299,11511.257
2023-03-29 00:00:00,10500.222,9953.832,4797.299,11523.182
2023-03-30 00:00:00,10502.046,9959.03,4797.299,11526.702
2023-03-31 00:00:00,10503.771,9962.859,4797.299,11533.181
2023-04-01 00:00:00,10505.864,9971.195,4797.299,11534.958
2023-04-02 00:00:00,10514.887,9971.195,4799.843,11534.958
2023-04-03 00:00:00,10523.145,9971.195,4813.782,11534.958
2023-04-04 00:00:00,10526.334,9974.24,4813.782,11553.503
2023-04-05 00:00:00,10529.739,9977.639,4813.782,11574.897
2023-04-06 00:00:00,10531.732,9981.145,4813.782,11595.892
2023-04-07 00:00:00,10535.011,9984.805,4813.782,11603.681
2023-04-08 00:00:00,10536.678,9990.145,4813.782,11604.903
2023-04-09 00:00:00,10544.751,9990.145,4819.618,11604.903
2023-04-10 00:00:00,10548.925,9990.145,4840.72,11604.903
2023-04-11 00:00:00,10556.981,9990.145,4848.19,11604.903
2023-04-12 00:00:00,10559.895,9993.535,4848.19,11623.0
2023-04-13 00:00:00,10562.65,10003.36,4848.19,11626.013
2023-04-14 00:00:00,10565.679,10010.13,4848.19,11637.401
2023-04-15 00:00:00,10568.198,10012.243,4848.19,11659.851
2023-04-16 00:00:00,10576.053,10012.243,4853.262,11659.851
2023-04-17 00:00:00,10586.669,10012.243,4859.882,11659.851
2023-04-18 00:00:00,10588.152,10015.047,4859.882,11670.856
2023-04-19 00:00:00,10591.421,10032.356,4859.882,11683.015
2023-04-20 00:00:00,10593.127,10035.093,4859.882,11705.264
2023-04-21 00:00:00,10594.817,10039.427,4859.882,11710.538
2023-04-22 00:00:00,10596.537,10046.011,4859.882,11714.977
2023-04-23 00:00:00,10601.423,10046.011,4870.471,11714.977
2023-04-24 00:00:00,10605.984,10046.011,4882.69,11714.977
2023-04-25 00:00:00,10608.448,10052.18,4882.69,11718.436
2023-04-26 00:00:00,10610.993,10054.917,4882.69,11728.646
2023-04-27 00:00:00,10612.715,10058.141,4882.69,11735.263
2023-04-28 00:00:00,10617.385,10058.141,4903.017,11735.263
2023-04-29 00:00:00,10619.083,10064.842,4903.017,11736.003
2023-04-30 00:00:00,10626.069,10064.842,4913.014,11736.003
2023-05-01 00:00:00,10631.256,10064.842,4932.454,11736.003
2023-05-02 00:00:00,10632.861,10066.251,4932.454,11750.572
2023-05-03 00:00:00,10634.481,10067.704,4932.454,11767.205
2023-05-04 00:00:00,10636.12,10068.825,4932.454,11792.128
2023-05-05 00:00:00,10638.452,10073.123,4932.454,11810.263
2023-05-06 00:00:00,10642.224,10082.193,4932.454,11816.418
2023-05-07 00:00:00,10650.151,10082.193,4945.9,11816.418
2023-05-08 00:00:00,10659.129,10082.193,4954.949,11816.418
2023-05-09 00:00:00,10661.248,10085.14,4954.949,11829.243
2023-05-10 00:00:00,10662.971,10089.82,4954.949,11833.91
2023-05-11 00:00:00,10664.754,10092.218,4954.949,11840.29
2023-05-12 00:00:00,10666.475,10096.338,4954.949,11850.923
2023-05-13 00:00:00,10668.304,10100.421,4954.949,11863.34
2023-05-14 00:00:00,10672.128,10100.421,4974.109,11863.34
2023-05-15 00:00:00,10676.432,10100.421,4989.408,11863.34
2023-05-16 00:00:00,10678.03,10104.612,4989.408,11877.622
2023-05-17 00:00:00,10679.845,10106.744,4989.408,11891.816
2023-05-18 00:00:00,10681.633,10108.683,4989.408,11910.385
2023-05-19 00:00:00,10685.838,10108.683,5008.627,11910.385
2023-05-20 00:00:00,10687.401,10111.649,5008.627,11930.588
2023-05-21 00:00:00,10690.069,10111.649,5028.974,11930.588
2023-05-22 00:00:00,10695.38,10111.649,5046.089,11930.588
2023-05-23 00:00:00,10697.147,10116.758,5046.089,11944.686
2023-05-24 00:00:00,10699.01,10119.232,5046.089,11955.725
2023-05-25 00:00:00,10700.821,10121.772,5046.089,11964.902
2023-05-26 00:00:00,10702.514,10124.556,5046.095,11977.635
2023-05-27 00:00:00,10704.385,10125.944,5046.095,12001.068
2023-05-28 00:00:00,10708.981,10125.944,5065.84,12001.068
2023-05-29 00:00:00,10712.847,10125.944,5087.984,12001.068
2023-05-30 00:00:00,10718.059,10125.944,5108.248,12001.068
2023-05-31 00:00:00,10719.787,10127.444,5108.248,12018.686
2023-06-01 00:00:00,10721.609,10129.486,5108.248,12039.65
2023-06-02 00:00:00,10723.359,10130.409,5108.248,12058.15
2023-06-03 00:00:00,10725.041,10133.848,5108.248,12067.327
2023-06-04 00:00:00,10728.822,10133.848,5129.564,12067.327
2023-06-05 00:00:00,10732.575,10133.848,5150.478,12067.327
2023-06-06 00:00:00,10734.282,10135.611,5150.478,12086.591
2023-06-07 00:00:00,10735.917,10136.516,5150.478,12108.557
2023-06-08 00:00:00,10737.544,10138.927,5150.484,12122.78
2023-06-09 00:00:00,10739.214,10140.501,5150.484,12141.576
2023-06-10 00:00:00,10740.877,10144.843,5150.484,12159.317
2023-06-11 00:00:00,10746.659,10144.843,5163.794,12159.317
2023-06-12 00:00:00,10751.789,10144.843,5177.506,12159.317
2023-06-13 00:00:00,10754.271,10149.062,5177.506,12171.205
2023-06-14 00:00:00,10755.969,10152.011,5177.506,12186.826
2023-06-15 00:00:00,10757.918,10154.144,5177.506,12204.484
2023-06-16 00:00:00,10759.564,10159.695,5177.506,12221.682
2023-06-17 00:00:00,10761.346,10163.696,5177.506,12240.398
2023-06-18 00:00:00,10765.492,10163.696,5199.753,12240.398
2023-06-19 00:00:00,10774.109,10163.696,5204.795,12240.398
2023-06-20 00:00:00,10775.928,10168.921,5204.795,12250.936
2023-06-21 00:00:00,10777.789,10173.658,5204.795,12261.112
2023-06-22 00:00:00,10779.424,10177.237,5204.797,12278.209
2023-06-23 00:00:00,10781.145,10183.857,5204.802,12280.882
2023-06-24 00:00:00,10782.83,10188.124,5204.802,12299.389
2023-06-25 00:00:00,10787.697,10188.124,5217.44,12299.389
2023-06-26 00:00:00,10793.264,10188.124,5230.825,12299.389
2023-06-27 00:00:00,10795.633,10190.695,5230.825,12317.686
2023-06-28 00:00:00,10797.174,10192.79,5230.897,12332.852
2023-06-29 00:00:00,10799.138,10197.867,5230.897,12337.74
2023-06-30 00:00:00,10800.906,10201.932,5230.897,12342.948
2023-07-01 00:00:00,10802.745,10204.832,5230.897,12354.327
2023-07-02 00:00:00,10809.64,10204.832,5233.307,12354.327
2023-07-03 00:00:00,10814.357,10204.832,5249.9,12354.327
2023-07-04 00:00:00,10816.434,10207.988,5249.9,12359.731
2023-07-05 00:00:00,10819.906,10210.971,5249.9,12367.394
2023-07-06 00:00:00,10821.68,10214.016,5249.9,12372.241
2023-07-07 00:00:00,10823.331,10217.585,5249.901,12386.535
2023-07-08 00:00:00,10825.174,10221.3,5249.901,12407.46
2023-07-09 00:00:00,10832.486,10221.3,5268.099,12407.46
2023-07-10 00:00:00,10843.791,10221.3,5274.016,12407.46
2023-07-11 00:00:00,10845.964,10226.942,5274.016,12418.636
2023-07-12 00:00:00,10848.115,10231.364,5274.016,12428.58
2023-07-13 00:00:00,10850.157,10233.381,5274.016,12445.818
2023-07-14 00:00:00,10851.99,10236.519,5274.016,12457.593
2023-07-15 00:00:00,10853.924,10237.723,5274.016,12470.505
2023-07-16 00:00:00,10858.004,10237.723,5282.447,12470.505
2023-07-17 00:00:00,10863.158,10237.723,5292.422,12470.505
2023-07-18 00:00:00,10864.788,10240.843,5292.422,12483.049
2023-07-19 00:00:00,10867.025,10243.142,5292.422,12504.943
2023-07-20 00:00:00,10868.638,10246.845,5292.426,12513.489
2023-07-21 00:00:00,10870.323,10251.601,5292.426,12526.096
2023-07-22 00:00:00,10872.086,10254.614,5292.426,12537.618
2023-07-23 00:00:00,10879.919,10254.614,5297.162,12537.618
2023-07-24 00:00:00,10887.755,10254.614,5302.244,12537.618
2023-07-25 00:00:00,10889.461,10261.349,5302.244,12546.131
2023-07-26 00:00:00,10891.25,10264.53,5302.244,12562.486
2023-07-27 00:00:00,10893.077,10265.174,5302.244,12579.365
2023-07-28 00:00:00,10894.855,10266.226,5302.244,12583.116
2023-07-29 00:00:00,10896.589,10267.121,5302.244,12596.86
2023-07-30 00:00:00,10898.994,10267.121,5314.088,12596.86
2023-07-31 00:00:00,10901.426,10267.121,5328.035,12596.86
2023-08-01 00:00:00,10903.188,10268.432,5328.035,12599.568
2023-08-02 00:00:00,10904.958,10269.167,5328.035,12612.17
2023-08-03 00:00:00,10906.658,10270.099,5328.035,12619.08
2023-08-04 00:00:00,10908.393,10271.084,5328.035,12628.407
2023-08-05 00:00:00,10910.201,10271.727,5328.035,12642.988
2023-08-06 00:00:00,10912.805,10271.727,5337.135,12642.988
2023-08-07 00:00:00,10915.478,10271.727,5341.519,12642.988
2023-08-08 00:00:00,10917.2,10272.57,5341.519,12659.659
2023-08-09 00:00:00,10918.953,10273.318,5341.519,12673.861
2023-08-10 00:00:00,10920.639,10273.888,5341.519,12690.244
2023-08-11 00:00:00,10921.912,10274.349,5341.519,12706.269
2023-08-12 00:00:00,10923.172,10274.87,5341.519,12727.111
2023-08-13 00:00:00,10925.518,10274.87,5353.64,12727.111
2023-08-14 00:00:00,10930.802,10274.87,5364.409,12727.111
2023-08-15 00:00:00,10932.277,10278.806,5364.409,12741.048
2023-08-16 00:00:00,10933.793,10283.219,5364.409,12752.3
2023-08-17 00:00:00,10935.257,10286.628,5364.409,12766.005
2023-08-18 00:00:00,10936.738,10291.851,5364.409,12767.308
2023-08-19 00:00:00,10938.287,10298.276,5364.409,12781.682
2023-08-20 00:00:00,10949.73,10298.276,5366.92,12781.682
2023-08-21 00:00:00,10953.843,10298.276,5388.199,12781.682
2023-08-22 00:00:00,10955.356,10300.806,5388.199,12797.297
2023-08-23 00:00:00,10956.824,10304.761,5388.199,12809.174
2023-08-24 00:00:00,10958.317,10308.524,5388.199,12828.45
2023-08-25 00:00:00,10959.934,10316.156,5388.199,12835.35
2023-08-26 00:00:00,10961.797,10324.467,5388.199,12836.359
2023-08-27 00:00:00,10965.47,10324.467,5400.39,12836.359
2023-08-28 00:00:00,10973.861,10324.467,5410.94,12836.359
2023-08-29 00:00:00,10975.51,10328.572,5410.94,12849.067
2023-08-30 00:00:00,10977.142,10332.21,5410.94,12859.063
2023-08-31 00:00:00,10978.737,10334.893,5410.94,12865.151
2023-09-01 00:00:00,10980.371,10338.647,5410.94,12879.502
2023-09-02 00:00:00,10982.472,10343.776,5410.94,12880.918
2023-09-03 00:00:00,10987.134,10343.776,5418.995,12880.918
2023-09-04 00:00:00,10994.024,10343.776,5431.682,12880.918
2023-09-05 00:00:00,10995.488,10346.353,5431.682,12897.304
2023-09-06 00:00:00,10997.131,10349.647,5431.682,12917.915
2023-09-07 00:00:00,10998.92,10356.895,5431.682,12938.02
2023-09-08 00:00:00,11000.43,10361.606,5431.682,12952.246
2023-09-09 00:00:00,11002.268,10366.29,5431.682,12972.371
2023-09-10 00:00:00,11010.647,10366.29,5449.41,12972.371
2023-09-11 00:00:00,11021.6,10366.29,5466.421,12972.371
2023-09-12 00:00:00,11023.5,10375.515,5466.421,12980.268
2023-09-13 00:00:00,11025.302,10381.102,5466.421,12989.16
2023-09-14 00:00:00,11026.887,10383.782,5466.421,12997.062
2023-09-15 00:00:00,11028.451,10387.639,5466.421,13012.817
2023-09-16 00:00:00,11029.957,10391.252,5466.421,13030.824
2023-09-17 00:00:00,11034.07,10391.252,5481.594,13030.824
2023-09-18 00:00:00,11043.349,10391.252,5483.798,13030.824
2023-09-19 00:00:00,11044.868,10396.284,5483.798,13040.455
2023-09-20 00:00:00,11046.487,10399.13,5483.798,13048.841
2023-09-21 00:00:00,11049.302,10408.546,5483.798,13055.149
2023-09-22 00:00:00,11053.458,10412.488,5483.798,13056.247
2023-09-23 00:00:00,11055.003,10416.815,5483.798,13069.335
2023-09-24 00:00:00,11059.448,10416.815,5489.739,13069.335
2023-09-25 00:00:00,11062.648,10416.815,5509.475,13069.335
2023-09-26 00:00:00,11064.09,10419.065,5509.475,13083.662
2023-09-27 00:00:00,11066.164,10425.391,5509.475,13093.922
2023-09-28 00:00:00,11068.271,10429.326,5509.475,13105.512
2023-09-29 00:00:00,11071.326,10434.149,5509.475,13114.787
2023-09-30 00:00:00,11073.624,10438.303,5509.475,13117.725
2023-10-01 00:00:00,11076.752,10438.303,5520.684,13117.725
2023-10-02 00:00:00,11084.905,10438.303,5533.014,13117.725
2023-10-03 00:00:00,11087.338,10446.044,5533.014,13122.788
2023-10-04 00:00:00,11088.868,10452.218,5533.014,13124.806
2023-10-05 00:00:00,11090.4,10456.841,5533.014,13131.274
2023-10-06 00:00:00,11091.966,10460.145,5533.014,13135.722
2023-10-07 00:00:00,11093.604,10464.105,5533.014,13142.786
2023-10-08 00:00:00,11100.116,10464.105,5541.596,13142.786
2023-10-09 00:00:00,11106.686,10464.105,5548.775,13142.786
2023-10-10 00:00:00,11108.344,10472.597,5548.775,13143.665
2023-10-11 00:00:00,11109.933,10480.197,5548.775,13152.241
2023-10-12 00:00:00,11111.637,10493.056,5548.775,13152.483
2023-10-13 00:00:00,11113.941,10498.297,5548.775,13152.567
2023-10-14 00:00:00,11115.666,10504.385,5548.775,13153.228
2023-10-15 00:00:00,11122.255,10504.385,5559.513,13153.228
2023-10-16 00:00:00,11128.99,10504.385,5569.112,13153.228
2023-10-17 00:00:00,11130.709,10508.187,5569.112,13157.425
2023-10-18 00:00:00,11132.324,10515.055,5569.112,13169.461
2023-10-19 00:00:00,11134.134,10522.96,5569.112,13174.391
2023-10-20 00:00:00,11137.361,10531.146,5569.112,13176.481
2023-10-21 00:00:00,11139.559,10539.433,5569.112,13176.657
2023-10-22 00:00:00,11146.515,10539.433,5575.841,13176.657
2023-10-23 00:00:00,11153.95,10539.433,5584.48,13176.657
2023-10-24 00:00:00,11156.397,10546.803,5584.48,13178.91
2023-10-25 00:00:00,11158.87,10553.081,5584.48,13181.169
2023-10-26 00:00:00,11160.324,10559.596,5584.48,13181.18
2023-10-27 00:00:00,11161.815,10565.221,5584.48,13182.204
2023-10-28 00:00:00,11163.907,10579.709,5584.48,13182.204
2023-10-29 00:00:00,11177.848,10579.709,5584.934,13182.204
2023-10-30 00:00:00,11188.675,10579.709,5585.457,13182.204
2023-10-31 00:00:00,11190.894,10587.411,5585.457,13182.564
2023-11-01 00:00:00,11192.605,10594.354,5585.457,13183.152
2023-11-02 00:00:00,11194.178,10604.177,5585.457,13183.752
2023-11-03 00:00:00,11196.563,10612.626,5585.457,13183.951
2023-11-04 00:00:00,11198.476,10619.941,5585.457,13184.277
2023-11-05 00:00:00,11205.074,10619.941,5585.516,13184.277
2023-11-06 00:00:00,11222.305,10619.941,5585.516,13184.277
2023-11-07 00:00:00,11224.279,10632.725,5585.516,13184.359
2023-11-08 00:00:00,11225.839,10640.586,5585.516,13185.708
2023-11-09 00:00:00,11227.846,10651.87,5585.516,13185.925
2023-11-10 00:00:00,11230.696,10664.118,5585.516,13186.157
2023-11-11 00:00:00,11232.697,10670.948,5585.516,13186.157
2023-11-12 00:00:00,11235.875,10670.948,5587.271,13186.157
2023-11-13 00:00:00,11238.977,10670.948,5588.679,13186.157
2023-11-14 00:00:00,11240.538,10677.531,5588.679,13186.157
2023-11-15 00:00:00,11242.205,10688.432,5588.679,13186.232
2023-11-16 00:00:00,11243.915,10699.415,5588.679,13186.308
2023-11-17 00:00:00,11245.46,10710.104,5588.679,13186.308
2023-11-18 00:00:00,11246.922,10717.817,5588.679,13187.015
2023-11-19 00:00:00,11261.529,10717.817,5588.679,13187.015
2023-11-20 00:00:00,11273.85,10717.817,5588.681,13187.015
2023-11-21 00:00:00,11277.057,10734.187,5588.681,13187.059
2023-11-22 00:00:00,11278.97,10742.598,5588.681,13187.059
2023-11-23 00:00:00,11280.37,10750.089,5588.681,13187.409
2023-11-24 00:00:00,11281.838,10760.707,5588.681,13187.41
2023-11-25 00:00:00,11283.407,10771.827,5588.681,13187.6
2023-11-26 00:00:00,11291.3,10771.827,5589.108,13187.6
2023-11-27 00:00:00,11297.987,10771.827,5589.552,13187.6
2023-11-28 00:00:00,11299.762,10783.588,5589.552,13187.6
2023-11-29 00:00:00,11301.373,10789.354,5589.552,13188.244
2023-11-30 00:00:00,11303.328,10805.374,5589.552,13188.41
2023-12-01 00:00:00,11306.887,10820.923,5589.552,13188.41
2023-12-02 00:00:00,11310.411,10832.391,5589.552,13188.41
2023-12-03 00:00:00,11322.039,10832.391,5589.628,13188.41
2023-12-04 00:00:00,11333.445,10832.391,5590.73,13188.41
2023-12-05 00:00:00,11335.559,10842.434,5590.73,13188.41
2023-12-06 00:00:00,11340.731,10859.39,5590.73,13188.41
2023-12-07 00:00:00,11343.955,10871.263,5590.73,13188.433
2023-12-08 00:00:00,11346.958,10882.624,5590.73,13188.433
2023-12-09 00:00:00,11348.632,10894.372,5590.73,13188.433
2023-12-10 00:00:00,11364.476,10894.372,5590.73,13188.433
2023-12-11 00:00:00,11376.466,10894.372,5590.751,13188.433
2023-12-12 00:00:00,11378.232,10910.507,5590.751,13188.458
2023-12-13 00:00:00,11381.514,10918.776,5590.751,13188.585
2023-12-14 00:00:00,11383.147,10929.014,5590.751,13188.585
2023-12-15 00:00:00,11384.902,10938.089,5590.751,13188.585
2023-12-16 00:00:00,11386.716,10950.4,5590.751,13188.586
2023-12-17 00:00:00,11398.739,10950.4,5590.751,13188.586
2023-12-18 00:00:00,11414.988,10950.4,5590.752,13188.586
2023-12-19 00:00:00,11418.459,10962.587,5590.752,13188.586
2023-12-20 00:00:00,11421.318,10971.611,5590.752,13188.586
2023-12-21 00:00:00,11423.193,10985.231,5590.752,13188.647
2023-12-22 00:00:00,11426.2,10999.828,5590.752,13188.655
2023-12-23 00:00:00,11429.579,11017.431,5590.752,13188.655
2023-12-24 00:00:00,11445.305,11017.431,5590.752,13188.655
2023-12-25 00:00:00,11461.382,11017.431,5590.752,13188.655
2023-12-26 00:00:00,11474.538,11017.431,5590.765,13188.655
2023-12-27 00:00:00,11485.903,11017.431,5591.076,13188.655
2023-12-28 00:00:00,11487.626,11029.633,5591.076,13188.655
2023-12-29 00:00:00,11489.221,11042.195,5591.076,13188.655
2023-12-30 00:00:00,11492.527,11052.205,5591.076,13188.655
2023-12-31 00:00:00,11503.413,11052.205,5591.181,13188.655
2024-01-01 00:00:00,11517.398,11052.205,5591.183,13188.655
2024-01-02 00:00:00,11531.104,11052.205,5591.212,13188.655
2024-01-03 00:00:00,11534.325,11068.664,5591.212,13188.655
2024-01-04 00:00:00,11541.946,11123.006,5591.212,13188.655
2024-01-05 00:00:00,11544.183,11132.242,5591.212,13188.655
2024-01-06 00:00:00,11545.656,11141.516,5591.212,13188.655
2024-01-07 00:00:00,11557.699,11141.516,5591.212,13188.655
2024-01-08 00:00:00,11573.755,11141.516,5591.301,13188.655
2024-01-09 00:00:00,11575.556,11157.864,5591.301,13188.883
2024-01-10 00:00:00,11579.102,11198.375,5591.301,13189.751
2024-01-11 00:00:00,11586.86,11241.236,5591.301,13192.002
2024-01-12 00:00:00,11591.19,11276.698,5591.301,13192.012
2024-01-13 00:00:00,11595.096,11331.877,5591.301,13192.012
2024-01-14 00:00:00,11607.757,11331.877,5591.301,13192.012
2024-01-15 00:00:00,11640.667,11331.877,5591.301,13192.012
2024-01-16 00:00:00,11642.163,11341.412,5591.301,13192.717
2024-01-17 00:00:00,11643.813,11384.201,5591.301,13193.024
2024-01-18 00:00:00,11645.354,11413.213,5591.301,13193.024
2024-01-19 00:00:00,11653.677,11462.42,5591.301,13193.548
2024-01-20 00:00:00,11664.747,11471.628,5591.301,13195.179
2024-01-21 00:00:00,11677.552,11471.628,5591.323,13195.179
2024-01-22 00:00:00,11691.772,11471.628,5591.323,13195.179
2024-01-23 00:00:00,11695.818,11482.347,5591.323,13195.416
2024-01-24 00:00:00,11704.447,11502.664,5591.323,13196.047
2024-01-25 00:00:00,11714.184,11509.378,5591.323,13196.36
2024-01-26 00:00:00,11716.239,11520.062,5591.323,13196.522
2024-01-27 00:00:00,11718.316,11534.789,5591.323,13196.57
2024-01-28 00:00:00,11767.856,11534.789,5591.725,13196.57
2024-01-29 00:00:00,11781.694,11534.789,5599.951,13196.57
2024-01-30 00:00:00,11785.047,11542.704,5599.951,13202.981
2024-01-31 00:00:00,11788.474,11551.023,5599.951,13204.571
2024-02-01 00:00:00,11790.128,11587.914,5599.951,13204.572
2024-02-02 00:00:00,11792.132,11594.597,5599.951,13212.734
2024-02-03 00:00:00,11795.651,11638.823,5599.951,13212.748
2024-02-04 00:00:00,11811.038,11638.823,5599.979,13212.748
2024-02-05 00:00:00,11862.134,11638.823,5599.998,13212.748
2024-02-06 00:00:00,11871.292,11658.935,5599.998,13213.107
2024-02-07 00:00:00,11889.266,11667.625,5599.998,13213.358
2024-02-08 00:00:00,11891.248,11675.808,5599.998,13216.437
2024-02-09 00:00:00,11894.72,11683.982,5599.998,13216.441
2024-02-10 00:00:00,11898.093,11730.754,5599.998,13216.506
2024-02-11 00:00:00,11940.591,11730.754,5600.428,13216.506
2024-02-12 00:00:00,11971.467,11730.754,5600.451,13216.506
2024-02-13 00:00:00,11973.606,11736.423,5600.451,13219.135
2024-02-14 00:00:00,11975.158,11739.365,5600.451,13225.872
2024-02-15 00:00:00,11976.614,11782.108,5600.451,13225.937
2024-02-16 00:00:00,11978.296,11789.538,5600.451,13226.444
2024-02-17 00:00:00,11979.863,11831.555,5600.451,13226.521
2024-02-18 00:00:00,12025.06,11831.555,5600.521,13226.521
2024-02-19 00:00:00,12040.663,11831.555,5600.523,13226.521
2024-02-20 00:00:00,12042.22,11843.206,5600.523,13226.581
2024-02-21 00:00:00,12043.803,11850.307,5600.523,13229.2
2024-02-22 00:00:00,12045.468,11861.707,5600.523,13229.475
2024-02-23 00:00:00,12047.622,11879.444,5600.523,13231.163
2024-02-24 00:00:00,12048.972,11887.051,5600.523,13231.944
2024-02-25 00:00:00,12089.418,11887.051,5602.617,13231.944
2024-02-26 00:00:00,12101.001,11887.051,5605.417,13231.944
2024-02-27 00:00:00,12103.978,11895.053,5605.417,13232.046
2024-02-28 00:00:00,12106.938,11902.217,5605.417,13232.253
2024-02-29 00:00:00,12114.801,11908.643,5605.417,13233.659
2024-03-01 00:00:00,12130.258,11914.963,5605.417,13233.972
2024-03-02 00:00:00,12135.314,11921.991,5605.417,13242.01
2024-03-03 00:00:00,12143.025,11921.991,5617.124,13242.01
2024-03-04 00:00:00,12154.648,11921.991,5629.81,13242.01
2024-03-05 00:00:00,12181.669,11927.241,5629.81,13243.755
2024-03-06 00:00:00,12183.166,11934.678,5629.81,13245.135
2024-03-07 00:00:00,12184.78,11938.332,5629.81,13254.037
2024-03-08 00:00:00,12186.906,11944.679,5629.81,13263.094
2024-03-09 00:00:00,12195.397,11955.734,5629.81,13278.93
2024-03-10 00:00:00,12227.007,11955.734,5645.219,13278.93
2024-03-11 00:00:00,12263.242,11955.734,5656.475,13278.93
2024-03-12 00:00:00,12266.064,11969.681,5656.475,13278.93
2024-03-13 00:00:00,12267.855,11977.343,5656.475,13279.493
2024-03-14 00:00:00,12270.968,11986.163,5656.475,13279.791
2024-03-15 00:00:00,12279.113,11996.955,5656.475,13296.105
2024-03-16 00:00:00,12295.76,12000.885,5656.475,13302.767
2024-03-17 00:00:00,12310.436,12000.885,5659.018,13302.767
2024-03-18 00:00:00,12333.377,12000.885,5662.399,13302.767
2024-03-19 00:00:00,12337.169,12005.16,5662.399,13306.094
2024-03-20 00:00:00,12339.964,12011.003,5662.399,13316.095
2024-03-21 00:00:00,12341.471,12015.737,5662.399,13325.168
2024-03-22 00:00:00,12343.793,12018.788,5662.399,13333.502
2024-03-23 00:00:00,12352.416,12028.608,5662.399,13334.029
2024-03-24 00:00:00,12396.24,12028.608,5671.573,13334.029
2024-03-25 00:00:00,12421.166,12028.608,5676.68,13334.029
2024-03-26 00:00:00,12422.646,12032.416,5676.68,13350.559
2024-03-27 00:00:00,12424.305,12039.537,5676.68,13356.594
2024-03-28 00:00:00,12426.892,12049.069,5676.68,13357.515
2024-03-29 00:00:00,12429.02,12053.46,5676.68,13363.246
2024-03-30 00:00:00,12430.592,12061.994,5676.68,13370.747
2024-03-31 00:00:00,12472.493,12061.994,5678.823,13370.747
2024-04-01 00:00:00,12481.506,12061.994,5689.293,13370.747
2024-04-02 00:00:00,12489.664,12061.994,5692.9,13370.747
2024-04-03 00:00:00,12490.982,12071.201,5692.9,13372.529
2024-04-04 00:00:00,12492.314,12117.469,5692.9,13372.839
2024-04-05 00:00:00,12494.213,12122.187,5692.9,13379.239
2024-04-06 00:00:00,12497.155,12127.21,5692.9,13382.22
2024-04-07 00:00:00,12502.476,12127.21,5705.583,13382.22
2024-04-08 00:00:00,12523.967,12127.21,5716.408,13382.22
2024-04-09 00:00:00,12541.393,12136.158,5716.408,13389.554
2024-04-10 00:00:00,12542.883,12138.746,5716.408,13397.02
2024-04-11 00:00:00,12544.395,12142.226,5716.408,13409.303
2024-04-12 00:00:00,12552.535,12157.221,5716.408,13410.178
2024-04-13 00:00:00,12593.812,12164.429,5716.408,13419.204
2024-04-14 00:00:00,12612.304,12164.429,5733.412,13419.204
2024-04-15 00:00:00,12639.165,12164.429,5746.078,13419.204
2024-04-16 00:00:00,12640.737,12168.427,5746.078,13424.305
2024-04-17 00:00:00,12648.681,12173.231,5746.078,13428.737
2024-04-18 00:00:00,12671.166,12176.865,5746.078,13439.118
2024-04-19 00:00:00,12672.652,12179.555,5746.078,13449.246
2024-04-20 00:00:00,12674.074,12183.358,5746.078,13457.193
2024-04-21 00:00:00,12679.586,12183.358,5757.98,13457.193
2024-04-22 00:00:00,12689.01,12183.358,5771.112,13457.193
2024-04-23 00:00:00,12698.909,12205.823,5771.112,13467.942
2024-04-24 00:00:00,12713.06,12208.792,5771.112,13482.977
2024-04-25 00:00:00,12720.963,12212.95,5771.112,13495.698
2024-04-26 00:00:00,12747.575,12214.664,5771.112,13503.128
2024-04-27 00:00:00,12756.198,12219.423,5771.112,13514.763
2024-04-28 00:00:00,12788.351,12219.423,5780.252,13514.763
2024-04-29 00:00:00,12796.72,12219.423,5788.209,13514.763
2024-04-30 00:00:00,12800.413,12220.71,5788.209,13531.521
2024-05-01 00:00:00,12802.641,12223.413,5788.209,13542.69
2024-05-02 00:00:00,12805.432,12224.691,5788.209,13562.197
2024-05-03 00:00:00,12813.651,12239.008,5788.209,13574.303
2024-05-04 00:00:00,12849.962,12244.213,5788.209,13575.518
2024-05-05 00:00:00,12851.897,12244.213,5802.552,13575.518
2024-05-06 00:00:00,12853.638,12244.213,5811.569,13575.518
2024-05-07 00:00:00,12854.925,12244.738,5811.569,13590.759
2024-05-08 00:00:00,12856.159,12245.228,5811.574,13609.236
2024-05-09 00:00:00,12857.442,12245.653,5811.574,13620.515
2024-05-10 00:00:00,12869.258,12245.653,5831.353,13620.515
2024-05-11 00:00:00,12897.871,12249.395,5831.353,13640.185
2024-05-12 00:00:00,12903.824,12249.395,5847.458,13640.185
2024-05-13 00:00:00,12908.82,12249.395,5868.754,13640.185
2024-05-14 00:00:00,12910.167,12252.048,5868.754,13658.151
2024-05-15 00:00:00,12911.565,12264.392,5868.754,13668.181
2024-05-16 00:00:00,12913.185,12268.067,5868.754,13681.874
2024-05-17 00:00:00,12914.717,12271.027,5868.754,13693.0
2024-05-18 00:00:00,12916.954,12293.751,5868.754,13697.351
2024-05-19 00:00:00,12921.542,12293.751,5881.446,13697.351
2024-05-20 00:00:00,12932.027,12293.751,5893.645,13697.351
2024-05-21 00:00:00,12938.342,12293.751,5903.744,13697.351
2024-05-22 00:00:00,12940.667,12295.712,5903.744,13712.166
2024-05-23 00:00:00,12942.869,12323.56,5903.744,13715.227
2024-05-24 00:00:00,12945.148,12325.573,5903.744,13726.275
2024-05-25 00:00:00,12946.646,12329.737,5903.744,13729.272
2024-05-26 00:00:00,12952.597,12329.737,5911.81,13729.272
2024-05-27 00:00:00,12955.096,12329.737,5926.135,13729.272
2024-05-28 00:00:00,12956.535,12331.96,5926.135,13744.846
2024-05-29 00:00:00,12958.066,12334.714,5926.135,13762.558
2024-05-30 00:00:00,12959.941,12373.519,5926.135,13767.269
2024-05-31 00:00:00,12961.633,12376.712,5926.137,13776.916
2024-06-01 00:00:00,12963.239,12382.892,5926.137,13784.969
2024-06-02 00:00:00,12968.073,12382.892,5929.651,13784.969
2024-06-03 00:00:00,13003.235,12382.892,5932.504,13784.969
2024-06-04 00:00:00,13004.689,12385.243,5932.504,13791.872
2024-06-05 00:00:00,13006.335,12389.445,5932.504,13801.087
2024-06-06 00:00:00,13008.036,12393.443,5932.504,13816.59
2024-06-07 00:00:00,13009.465,12414.642,5932.505,13821.065
2024-06-08 00:00:00,13011.237,12415.461,5932.505,13837.304
2024-06-09 00:00:00,13014.961,12415.461,5943.846,13837.304
2024-06-10 00:00:00,13020.888,12415.461,5956.391,13837.304
2024-06-11 00:00:00,13022.214,12418.757,5956.391,13839.385
2024-06-12 00:00:00,13023.671,12421.816,5956.391,13852.819
2024-06-13 00:00:00,13025.354,12425.506,5956.391,13861.498
2024-06-14 00:00:00,13027.401,12427.195,5956.391,13877.056
2024-06-15 00:00:00,13029.192,12440.815,5956.391,13878.337
2024-06-16 00:00:00,13034.235,12440.815,5964.093,13878.337
2024-06-17 00:00:00,13062.358,12440.815,5968.639,13878.337
2024-06-18 00:00:00,13064.28,12444.068,5968.64,13891.292
2024-06-19 00:00:00,13066.493,12449.524,5968.645,13892.186
2024-06-20 00:00:00,13068.704,12451.415,5968.645,13908.612
2024-06-21 00:00:00,13070.492,12457.473,5968.646,13918.842
2024-06-22 00:00:00,13072.807,12465.157,5968.646,13921.075
2024-06-23 00:00:00,13076.895,12465.157,5977.882,13921.075
2024-06-24 00:00:00,13080.459,12465.157,5991.074,13921.075
2024-06-25 00:00:00,13082.184,12469.576,5991.074,13938.062
2024-06-26 00:00:00,13083.959,12482.828,5991.074,13953.98
2024-06-27 00:00:00,13085.81,12485.571,5991.074,13966.612
2024-06-28 00:00:00,13087.863,12490.668,5991.074,13979.005
2024-06-29 00:00:00,13089.646,12493.1,5991.074,13994.924
2024-06-30 00:00:00,13095.091,12493.1,6009.503,13994.924
2024-07-01 00:00:00,13100.265,12493.1,6019.009,13994.924
2024-07-02 00:00:00,13102.785,12496.714,6019.009,14001.554
2024-07-03 00:00:00,13105.506,12501.786,6019.009,14006.122
2024-07-04 00:00:00,13109.997,12504.642,6019.009,14009.715
2024-07-05 00:00:00,13112.513,12506.634,6019.009,14027.968
2024-07-06 00:00:00,13114.191,12538.053,6019.009,14030.201
2024-07-07 00:00:00,13118.155,12538.053,6029.28,14030.201
2024-07-08 00:00:00,13124.666,12538.053,6040.914,14030.201
2024-07-09 00:00:00,13127.759,12540.889,6040.914,14043.227
2024-07-10 00:00:00,13130.549,12542.837,6040.919,14056.115
2024-07-11 00:00:00,13132.07,12545.447,6040.919,14069.055
2024-07-12 00:00:00,13133.531,12549.74,6040.919,14083.668
2024-07-13 00:00:00,13135.061,12558.662,6040.919,14083.808
2024-07-14 00:00:00,13173.735,12558.662,6045.459,14083.808
2024-07-15 00:00:00,13178.043,12558.662,6066.083,14083.808
2024-07-16 00:00:00,13179.387,12560.547,6066.083,14102.257
2024-07-17 00:00:00,13181.06,12567.36,6066.088,14113.153
2024-07-18 00:00:00,13182.562,12571.351,6066.088,14121.84
2024-07-19 00:00:00,13190.368,12593.22,6066.088,14136.542
2024-07-20 00:00:00,13200.171,12599.625,6066.089,14143.903
2024-07-21 00:00:00,13206.474,12599.625,6080.767,14143.903
2024-07-22 00:00:00,13219.143,12599.625,6085.264,14143.903
2024-07-23 00:00:00,13221.913,12612.368,6085.264,14157.51
2024-07-24 00:00:00,13223.183,12612.924,6085.264,14164.757
2024-07-25 00:00:00,13224.441,12613.335,6085.264,14182.392
2024-07-26 00:00:00,13225.656,12613.841,6085.264,14194.269
2024-07-27 00:00:00,13226.942,12614.399,6085.264,14209.035
2024-07-28 00:00:00,13228.567,12614.399,6098.229,14209.035
2024-07-29 00:00:00,13230.237,12614.399,6118.483,14209.035
2024-07-30 00:00:00,13231.471,12614.879,6118.483,14232.926
2024-07-31 00:00:00,13232.707,12615.367,6118.483,14255.563
2024-08-01 00:00:00,13233.96,12615.794,6118.485,14274.507
2024-08-02 00:00:00,13235.21,12616.293,6118.501,14280.101
2024-08-03 00:00:00,13236.492,12616.765,6118.502,14299.13
2024-08-04 00:00:00,13238.386,12616.765,6129.407,14299.13
2024-08-05 00:00:00,13240.111,12616.765,6141.354,14299.13
2024-08-06 00:00:00,13248.333,12663.269,6141.354,14314.623
2024-08-07 00:00:00,13249.655,12669.251,6141.354,14323.717
2024-08-08 00:00:00,13254.493,12676.196,6141.354,14326.394
2024-08-09 00:00:00,13258.324,12677.947,6141.354,14339.505
2024-08-10 00:00:00,13261.164,12683.86,6141.354,14344.597
2024-08-11 00:00:00,13267.273,12683.86,6156.64,14344.597
2024-08-12 00:00:00,13276.494,12683.86,6172.598,14344.597
2024-08-13 00:00:00,13280.213,12688.584,6172.598,14358.796
2024-08-14 00:00:00,13284.295,12693.078,6172.598,14370.21
2024-08-15 00:00:00,13287.999,12704.6,6172.598,14375.322
2024-08-16 00:00:00,13291.458,12727.254,6172.598,14385.138
2024-08-17 00:00:00,13293.859,12740.286,6172.598,14387.306
2024-08-18 00:00:00,13318.472,12740.286,6182.909,14387.306
2024-08-19 00:00:00,13356.377,12740.286,6194.139,14387.306
2024-08-20 00:00:00,13358.327,12767.154,6194.139,14402.146
2024-08-21 00:00:00,13363.178,12770.724,6194.139,14415.459
2024-08-22 00:00:00,13368.298,12805.725,6194.139,14425.492
2024-08-23 00:00:00,13370.99,12809.762,6194.139,14438.551
2024-08-24 00:00:00,13372.691,12822.532,6194.139,14444.728
2024-08-25 00:00:00,13380.449,12822.532,6202.398,14444.728
2024-08-26 00:00:00,13417.794,12822.532,6208.056,14444.728
2024-08-27 00:00:00,13420.078,12848.099,6208.056,14457.376
2024-08-28 00:00:00,13422.766,12849.209,6208.056,14478.329
2024-08-29 00:00:00,13432.13,12868.017,6208.056,14491.907
2024-08-30 00:00:00,13449.442,12891.328,6208.056,14500.017
2024-08-31 00:00:00,13456.637,12894.284,6208.056,14505.662
2024-09-01 00:00:00,13463.685,12894.284,6224.597,14505.662
2024-09-02 00:00:00,13468.904,12894.284,6237.059,14505.662
2024-09-03 00:00:00,13470.264,12899.663,6237.059,14516.091
2024-09-04 00:00:00,13471.887,12904.876,6237.059,14520.615
2024-09-05 00:00:00,13473.623,12909.044,6237.059,14522.398
2024-09-06 00:00:00,13474.999,12915.083,6237.059,14530.476
2024-09-07 00:00:00,13476.303,12921.344,6237.059,14538.263
2024-09-08 00:00:00,13481.204,12921.344,6248.636,14538.263
2024-09-09 00:00:00,13487.021,12921.344,6262.668,14538.263
2024-09-10 00:00:00,13488.948,12927.031,6262.668,14544.101
2024-09-11 00:00:00,13490.783,12931.575,6262.668,14549.225
2024-09-12 00:00:00,13492.299,12934.625,6262.668,14562.381
2024-09-13 00:00:00,13493.897,12940.536,6262.668,14569.819
2024-09-14 00:00:00,13495.943,12942.618,6262.668,14583.968
2024-09-15 00:00:00,13500.704,12942.618,6277.542,14583.968
2024-09-16 00:00:00,13504.865,12942.618,6288.745,14583.968
2024-09-17 00:00:00,13507.457,12948.765,6288.745,14590.022
2024-09-18 00:00:00,13508.771,12953.171,6288.745,14603.989
2024-09-19 00:00:00,13510.117,12955.767,6288.745,14615.208
2024-09-20 00:00:00,13511.902,12959.747,6288.745,14627.688
2024-09-21 00:00:00,13513.196,12962.398,6288.745,14644.196
2024-09-22 00:00:00,13516.673,12962.398,6302.418,14644.196
2024-09-23 00:00:00,13522.751,12962.398,6316.482,14644.196
2024-09-24 00:00:00,13529.103,12966.011,6316.482,14654.9
2024-09-25 00:00:00,13530.978,12972.344,6316.482,14660.585
2024-09-26 00:00:00,13532.729,12977.047,6316.482,14664.532
2024-09-27 00:00:00,13534.079,12980.362,6316.482,14670.182
2024-09-28 00:00:00,13535.785,12988.131,6316.482,14671.44
2024-09-29 00:00:00,13542.436,12988.131,6323.981,14671.44
2024-09-30 00:00:00,13546.96,12988.131,6334.858,14671.44
2024-10-01 00:00:00,13548.638,12997.527,6334.858,14673.882
2024-10-02 00:00:00,13552.653,13004.558,6334.858,14674.057
2024-10-03 00:00:00,13554.251,13014.429,6334.858,14674.493
2024-10-04 00:00:00,13557.563,13018.143,6334.858,14689.174
2024-10-05 00:00:00,13558.929,13024.113,6334.858,14701.478
2024-10-06 00:00:00,13567.32,13024.113,6348.089,14701.478
2024-10-07 00:00:00,13575.655,13024.113,6357.596,14701.478
2024-10-08 00:00:00,13576.827,13028.744,6357.596,14714.494
2024-10-09 00:00:00,13578.417,13034.196,6357.596,14721.424
2024-10-10 00:00:00,13580.362,13039.979,6357.596,14722.384
2024-10-11 00:00:00,13581.786,13048.826,6357.596,14725.344
2024-10-12 00:00:00,13582.968,13053.842,6357.596,14733.185
2024-10-13 00:00:00,13588.009,13053.842,6360.291,14733.185
2024-10-14 00:00:00,13597.204,13053.842,6363.128,14733.185
2024-10-15 00:00:00,13599.166,13063.325,6363.128,14734.608
2024-10-16 00:00:00,13601.202,13069.055,6363.128,14747.068
2024-10-17 00:00:00,13603.297,13074.309,6363.128,14752.65
2024-10-18 00:00:00,13606.125,13078.021,6363.128,14753.494
2024-10-19 00:00:00,13607.32,13083.217,6363.128,14764.884
2024-10-20 00:00:00,13620.9,13083.217,6363.3,14764.884
2024-10-21 00:00:00,13630.252,13083.217,6366.564,14764.884
2024-10-22 00:00:00,13632.181,13092.43,6366.564,14765.153
2024-10-23 00:00:00,13633.403,13096.146,6366.564,14776.782
2024-10-24 00:00:00,13634.611,13102.164,6366.564,14777.385
2024-10-25 00:00:00,13635.767,13107.937,6366.564,14783.89
2024-10-26 00:00:00,13637.545,13114.318,6366.564,14794.196
2024-10-27 00:00:00,13646.973,13114.318,6377.666,14794.196
2024-10-28 00:00:00,13653.966,13114.318,6386.503,14794.196
2024-10-29 00:00:00,13655.278,13122.218,6386.503,14795.031
2024-10-30 00:00:00,13657.09,13127.848,6386.503,14795.087
2024-10-31 00:00:00,13659.983,13138.291,6386.503,14795.806
2024-11-01 00:00:00,13663.901,13144.769,6386.503,14795.806
2024-11-02 00:00:00,13665.813,13153.777,6386.503,14795.806
2024-11-03 00:00:00,13672.734,13153.777,6390.888,14795.806
2024-11-04 00:00:00,13679.494,13153.777,6398.967,14795.806
2024-11-05 00:00:00,13680.812,13160.205,6398.967,14807.622
2024-11-06 00:00:00,13682.154,13165.719,6398.967,14818.795
2024-11-07 00:00:00,13683.49,13174.48,6398.967,14818.796
2024-11-08 00:00:00,13688.05,13182.868,6398.967,14818.796
2024-11-09 00:00:00,13692.498,13191.684,6398.967,14818.796
2024-11-10 00:00:00,13706.893,13191.684,6398.976,14818.796
2024-11-11 00:00:00,13722.787,13191.684,6399.532,14818.796
2024-11-14 00:00:00,13728.844,13213.069,6399.532,14828.225
2024-11-15 00:00:00,13732.149,13220.591,6399.532,14829.453
2024-11-16 00:00:00,13734.367,13230.831,6399.532,14830.12
2024-11-17 00:00:00,13744.134,13230.831,6399.578,14830.12
2024-11-18 00:00:00,13755.793,13230.831,6405.615,14830.12
2024-11-19 00:00:00,13759.133,13241.815,6405.615,14833.211
2024-11-20 00:00:00,13760.616,13250.553,6405.615,14833.211
2024-11-21 00:00:00,13762.822,13259.383,6405.615,14833.324
2024-11-22 00:00:00,13767.959,13266.682,6405.615,14837.516
2024-11-23 00:00:00,13773.241,13275.268,6405.615,14838.354
2024-11-24 00:00:00,13790.294,13275.268,6405.615,14838.354
2024-11-25 00:00:00,13804.158,13275.268,6406.684,14838.354
2024-11-26 00:00:00,13806.074,13285.95,6406.684,14838.354
2024-11-27 00:00:00,13809.271,13292.266,6406.684,14840.382
2024-11-28 00:00:00,13812.281,13305.932,6406.684,14840.382
2024-11-29 00:00:00,13816.256,13314.003,6406.684,14846.03
2024-11-30 00:00:00,13820.317,13318.039,6406.684,14850.486
2024-12-01 00:00:00,13825.651,13318.039,6416.849,14850.486
2024-12-02 00:00:00,13834.965,13318.039,6422.386,14850.486
2024-12-03 00:00:00,13838.39,13331.572,6422.386,14850.58
2024-12-04 00:00:00,13841.71,13340.492,6422.386,14853.504
2024-12-05 00:00:00,13844.954,13351.575,6422.386,14853.861
2024-12-06 00:00:00,13847.464,13361.882,6422.386,14853.862
2024-12-07 00:00:00,13849.511,13369.313,6422.386,14853.909
2024-12-08 00:00:00,13863.635,13369.313,6423.387,14853.909
2024-12-09 00:00:00,13875.24,13369.313,6423.95,14853.909
2024-12-10 00:00:00,13878.328,13381.874,6423.95,14853.909
2024-12-11 00:00:00,13880.052,13392.689,6423.95,14853.909
2024-12-12 00:00:00,13881.96,13403.793,6423.95,14853.909
2024-12-13 00:00:00,13885.086,13416.554,6423.95,14853.909
2024-12-14 00:00:00,13887.03,13429.691,6423.95,14853.909
2024-12-15 00:00:00,13903.547,13429.691,6423.95,14853.909
2024-12-16 00:00:00,13919.307,13429.691,6423.95,14853.909
2024-12-17 00:00:00,13923.691,13444.89,6423.95,14853.909
2024-12-18 00:00:00,13926.999,13453.277,6423.95,14853.91
2024-12-19 00:00:00,13930.224,13465.661,6423.95,14853.91
2024-12-20 00:00:00,13931.897,13476.791,6423.95,14853.91
2024-12-21 00:00:00,13935.379,13485.091,6423.95,14855.686
2024-12-22 00:00:00,13950.159,13485.091,6423.95,14855.686
2024-12-23 00:00:00,13967.523,13485.091,6424.071,14855.686
2024-12-24 00:00:00,13970.225,13494.631,6424.071,14859.23
2024-12-25 00:00:00,13972.959,13504.235,6424.071,14859.23
2024-12-26 00:00:00,13992.16,13504.235,6424.071,14859.23
2024-12-27 00:00:00,14010.183,13504.235,6424.071,14859.23
2024-12-28 00:00:00,14012.911,13514.674,6424.071,14859.539
2024-12-29 00:00:00,14028.642,13514.674,6424.071,14859.539
2024-12-30 00:00:00,14049.178,13514.674,6424.071,14859.539
2024-12-31 00:00:00,14055.185,13518.976,6424.071,14859.539
2025-01-01 00:00:00,14056.653,13521.573,6424.071,14859.539
2025-01-02 00:00:00,14060.849,13521.573,6424.071,14859.539
2025-01-03 00:00:00,14062.278,13523.269,6424.071,14869.232
2025-01-04 00:00:00,14063.729,13529.906,6424.071,14870.465
2025-01-05 00:00:00,14080.173,13529.906,6424.071,14870.465
2025-01-06 00:00:00,14099.077,13529.906,6424.071,14870.465
2025-01-09 00:00:00,14110.141,13557.117,6424.071,14876.523
2025-01-10 00:00:00,14114.886,13568.965,6424.071,14878.883
2025-01-11 00:00:00,14118.566,13574.534,6424.071,14886.456
2025-01-12 00:00:00,14128.203,13574.534,6427.073,14886.456
2025-01-13 00:00:00,14143.298,13574.534,6427.645,14886.456
2025-01-14 00:00:00,14146.29,13584.115,6427.645,14894.835
2025-01-15 00:00:00,14148.47,13594.791,6427.645,14895.227
2025-01-16 00:00:00,14151.725,13605.983,6427.645,14895.232
2025-01-17 00:00:00,14154.76,13617.069,6427.645,14895.232
2025-01-18 00:00:00,14157.987,13627.851,6427.645,14895.232
2025-01-19 00:00:00,14170.661,13627.851,6427.654,14895.232
2025-01-20 00:00:00,14182.999,13627.851,6427.657,14895.232
2025-01-21 00:00:00,14187.306,13638.54,6427.657,14895.232
2025-01-22 00:00:00,14188.727,13647.296,6427.657,14895.447
2025-01-23 00:00:00,14190.996,13655.813,6427.657,14896.672
2025-01-24 00:00:00,14195.04,13675.579,6427.657,14896.768
2025-01-25 00:00:00,14197.652,13685.496,6427.657,14896.768
2025-01-26 00:00:00,14217.586,13685.496,6427.792,14896.768
2025-01-27 00:00:00,14228.981,13685.496,6431.975,14896.768
2025-01-28 00:00:00,14231.658,13700.095,6431.975,14903.169
2025-01-29 00:00:00,14233.487,13717.252,6431.975,14904.031
2025-01-30 00:00:00,14235.476,13732.677,6431.975,14904.355
2025-01-31 00:00:00,14239.022,13746.472,6431.975,14904.359
2025-02-01 00:00:00,14242.627,13758.859,6431.975,14911.734
2025-02-02 00:00:00,14260.152,13758.859,6440.248,14911.734
2025-02-03 00:00:00,14272.052,13758.859,6453.714,14911.734
2025-02-04 00:00:00,14275.24,13768.893,6453.714,14920.255
2025-02-05 00:00:00,14278.507,13783.723,6453.714,14920.257
2025-02-06 00:00:00,14280.819,13802.516,6453.714,14920.336
2025-02-07 00:00:00,14285.673,13807.885,6453.714,14924.806
2025-02-08 00:00:00,14287.883,13826.466,6453.714,14924.817
2025-02-09 00:00:00,14305.69,13826.466,6453.744,14924.817
2025-02-10 00:00:00,14322.672,13826.466,6455.153,14924.817
2025-02-11 00:00:00,14326.286,13841.965,6455.153,14925.379
2025-02-12 00:00:00,14328.385,13859.751,6455.153,14925.5
2025-02-13 00:00:00,14331.645,13881.912,6455.153,14925.621
2025-02-14 00:00:00,14336.539,13898.593,6455.153,14926.436
2025-02-15 00:00:00,14339.763,13913.3,6455.153,14928.588
2025-02-16 00:00:00,14352.49,13913.3,6455.778,14928.588
2025-02-17 00:00:00,14371.716,13913.3,6465.593,14928.588
2025-02-18 00:00:00,14376.006,13918.223,6465.593,14943.543
2025-02-19 00:00:00,14380.959,13931.542,6465.593,14961.017
2025-02-20 00:00:00,14384.339,13943.997,6465.593,14966.406
2025-02-21 00:00:00,14386.498,13961.09,6465.593,14968.572
2025-02-22 00:00:00,14388.97,13966.916,6465.593,14977.841
2025-02-23 00:00:00,14411.437,13966.916,6465.929,14977.841
2025-02-24 00:00:00,14426.793,13966.916,6475.081,14977.841
2025-02-25 00:00:00,14429.786,13972.253,6475.081,14978.157
2025-02-26 00:00:00,14431.0,13984.24,6475.081,14983.496
2025-02-27 00:00:00,14432.786,13991.758,6475.081,14993.238
2025-02-28 00:00:00,14435.13,14000.604,6475.081,14995.287
2025-03-01 00:00:00,14440.404,14012.113,6475.081,14999.347
2025-03-02 00:00:00,14460.574,14012.113,6475.302,14999.347
2025-03-03 00:00:00,14469.428,14012.113,6488.712,14999.347
2025-03-04 00:00:00,14473.956,14027.719,6488.712,15014.225
2025-03-05 00:00:00,14476.091,14039.328,6488.712,15027.184
2025-03-06 00:00:00,14479.187,14048.29,6488.712,15044.327
2025-03-07 00:00:00,14480.967,14059.305,6488.712,15056.991
2025-03-08 00:00:00,14483.468,14074.411,6488.712,15072.308
2025-03-09 00:00:00,14489.382,14074.411,6501.111,15072.308
2025-03-10 00:00:00,14499.912,14074.411,6516.313,15072.308
2025-03-11 00:00:00,14501.592,14084.905,6516.313,15088.759
2025-03-12 00:00:00,14503.628,14098.854,6516.313,15090.156
2025-03-13 00:00:00,14507.805,14108.103,6516.313,15094.881
2025-03-14 00:00:00,14511.779,14120.986,6516.313,15097.655
2025-03-15 00:00:00,14516.537,14126.353,6516.313,15103.278
2025-03-16 00:00:00,14536.672,14126.353,6522.3,15103.278
2025-03-17 00:00:00,14551.388,14126.353,6536.777,15103.278
2025-03-18 00:00:00,14553.253,14132.855,6536.777,15118.018
2025-03-19 00:00:00,14555.141,14139.777,6536.777,15132.516
2025-03-20 00:00:00,14556.589,14147.204,6536.777,15151.48
2025-03-21 00:00:00,14558.167,14153.725,6536.777,15162.945
2025-03-22 00:00:00,14559.795,14157.731,6536.777,15180.567
2025-03-23 00:00:00,14569.417,14157.731,6545.597,15180.567
2025-03-24 00:00:00,14583.753,14157.731,6550.71,15180.567
2025-03-25 00:00:00,14585.189,14167.611,6550.71,15193.623
2025-03-26 00:00:00,14587.163,14176.221,6550.71,15201.166
2025-03-27 00:00:00,14590.19,14191.549,6550.71,15202.744
2025-03-28 00:00:00,14592.799,14201.279,6550.71,15216.346
2025-03-29 00:00:00,14594.362,14212.063,6550.71,15234.145
2025-03-30 00:00:00,14603.184,14212.063,6567.157,15234.145
2025-03-31 00:00:00,14610.197,14212.063,6571.207,15234.145
2025-04-01 00:00:00,14611.533,14223.343,6571.207,15246.2
2025-04-02 00:00:00,14614.906,14227.144,6571.207,15263.16
2025-04-03 00:00:00,14620.262,14231.15,6571.207,15277.378
2025-04-04 00:00:00,14625.904,14238.18,6571.207,15298.379
2025-04-05 00:00:00,14629.198,14241.026,6571.207,15319.544
2025-04-06 00:00:00,14633.452,14241.026,6586.522,15319.544
2025-04-07 00:00:00,14636.824,14241.026,6606.384,15319.544
2025-04-08 00:00:00,14638.346,14249.891,6606.384,15337.468
2025-04-09 00:00:00,14640.002,14253.809,6606.384,15350.639
2025-04-10 00:00:00,14641.518,14257.683,6606.384,15360.114
2025-04-11 00:00:00,14644.164,14264.944,6606.384,15366.142
2025-04-12 00:00:00,14646.682,14269.926,6606.384,15379.09
2025-04-13 00:00:00,14650.367,14269.926,6620.282,15379.09
2025-04-14 00:00:00,14657.619,14269.926,6627.219,15379.09
2025-04-15 00:00:00,14661.179,14283.843,6627.219,15392.829
2025-04-16 00:00:00,14663.512,14287.029,6627.219,15406.961
2025-04-17 00:00:00,14666.629,14305.412,6627.219,15407.318
2025-04-18 00:00:00,14668.066,14317.542,6627.219,15407.792
2025-04-19 00:00:00,14669.597,14323.526,6627.219,15414.65
2025-04-20 00:00:00,14680.805,14323.526,6644.67,15414.65
2025-04-21 00:00:00,14686.389,14323.526,6660.342,15414.65
2025-04-22 00:00:00,14700.99,14323.526,6663.304,15414.65
2025-04-23 00:00:00,14704.322,14331.857,6663.304,15427.75
2025-04-24 00:00:00,14705.784,14340.692,6663.304,15429.984
2025-04-25 00:00:00,14707.256,14357.054,6663.304,15430.506
2025-04-26 00:00:00,14708.773,14362.973,6663.304,15431.754
2025-04-27 00:00:00,14718.707,14362.973,6679.943,15431.754
2025-04-28 00:00:00,14725.355,14362.973,6701.638,15431.754
2025-04-29 00:00:00,14728.622,14365.0,6701.638,15454.393
2025-04-30 00:00:00,14730.148,14374.868,6701.638,15474.813
2025-05-01 00:00:00,14731.628,14382.73,6701.638,15495.377
2025-05-02 00:00:00,14735.046,14386.148,6701.638,15509.215
2025-05-03 00:00:00,14738.332,14395.68,6701.638,15523.984
2025-05-04 00:00:00,14748.84,14395.68,6714.879,15523.984
2025-05-05 00:00:00,14759.809,14395.68,6724.936,15523.984
2025-05-06 00:00:00,14761.492,14399.994,6724.936,15538.581
2025-05-07 00:00:00,14765.093,14406.999,6724.936,15549.851
2025-05-08 00:00:00,14768.567,14419.447,6724.936,15563.049
2025-05-09 00:00:00,14770.303,14429.167,6724.936,15571.574
2025-05-10 00:00:00,14773.55,14430.361,6724.936,15590.894
2025-05-11 00:00:00,14782.989,14430.361,6745.429,15590.894
2025-05-12 00:00:00,14789.519,14430.361,6763.875,15590.894
2025-05-13 00:00:00,14791.452,14431.707,6763.875,15604.407
2025-05-14 00:00:00,14794.565,14434.965,6763.875,15619.135
2025-05-15 00:00:00,14799.36,14442.366,6763.875,15639.135
2025-05-16 00:00:00,14802.6,14443.514,6763.875,15654.368
2025-05-17 00:00:00,14805.774,14445.106,6763.875,15675.657
2025-05-18 00:00:00,14816.686,14445.106,6778.969,15675.657
2025-05-19 00:00:00,14827.74,14445.106,6787.663,15675.657
2025-05-20 00:00:00,14831.145,14452.733,6787.663,15694.038
2025-05-21 00:00:00,14833.026,14457.989,6787.663,15710.502
2025-05-22 00:00:00,14834.57,14466.29,6787.663,15721.582
2025-05-23 00:00:00,14837.841,14477.504,6787.663,15734.301
2025-05-24 00:00:00,14841.191,14480.884,6787.663,15746.698
2025-05-25 00:00:00,14849.538,14480.884,6791.507,15746.698
2025-05-26 00:00:00,14861.735,14480.884,6800.214,15746.698
2025-05-27 00:00:00,14863.312,14488.223,6800.214,15758.991
2025-05-28 00:00:00,14865.092,14496.413,6800.214,15762.624
2025-05-29 00:00:00,14868.713,14508.572,6800.214,15770.79
2025-05-30 00:00:00,14880.251,14508.572,6802.5,15770.79
2025-05-31 00:00:00,14883.572,14512.089,6802.5,15781.47
2025-06-01 00:00:00,14894.75,14512.089,6817.602,15781.47
2025-06-02 00:00:00,14898.712,14512.089,6825.561,15781.47
2025-06-03 00:00:00,14902.354,14521.521,6825.561,15788.838
2025-06-04 00:00:00,14905.68,14523.289,6825.561,15803.165
2025-06-05 00:00:00,14908.792,14529.339,6825.561,15807.125
2025-06-06 00:00:00,14912.263,14539.329,6825.561,15814.404
2025-06-07 00:00:00,14914.074,14545.729,6825.561,15822.179
2025-06-08 00:00:00,14925.868,14545.729,6830.307,15822.179
2025-06-09 00:00:00,14932.32,14545.729,6837.223,15822.179
2025-06-10 00:00:00,14944.137,14545.729,6843.941,15822.179
2025-06-11 00:00:00,14948.966,14550.947,6843.941,15824.721
2025-06-12 00:00:00,14950.779,14561.198,6843.941,15836.392
2025-06-13 00:00:00,14952.734,14570.45,6843.941,15852.143
2025-06-14 00:00:00,14954.783,14582.765,6843.941,15863.758
2025-06-15 00:00:00,14964.623,14582.765,6851.813,15863.758
2025-06-16 00:00:00,14976.959,14582.765,6860.5,15863.758
2025-06-17 00:00:00,14979.083,14591.814,6860.5,15874.476
2025-06-18 00:00:00,14981.312,14601.36,6860.5,15887.438
2025-06-19 00:00:00,14983.503,14604.775,6860.504,15899.505
2025-06-20 00:00:00,14986.092,14608.274,6860.504,15911.756
2025-06-21 00:00:00,14990.88,14610.304,6860.504,15926.363
2025-06-22 00:00:00,14997.365,14610.304,6878.198,15926.363
2025-06-23 00:00:00,15007.972,14610.304,6883.497,15926.363
2025-06-24 00:00:00,15010.917,14618.777,6883.512,15937.603
2025-06-25 00:00:00,15014.441,14620.877,6883.512,15944.554
2025-06-26 00:00:00,15018.258,14625.296,6883.512,15952.848
2025-06-27 00:00:00,15020.636,14639.766,6883.512,15955.223
2025-06-28 00:00:00,15024.595,14649.016,6883.512,15961.411
2025-06-29 00:00:00,15033.924,14649.016,6890.526,15961.411
2025-06-30 00:00:00,15038.355,14649.016,6905.538,15961.411
2025-07-01 00:00:00,15040.227,14653.921,6905.538,15970.903
2025-07-02 00:00:00,15042.368,14660.074,6905.538,15981.234
2025-07-03 00:00:00,15045.285,14671.19,6905.538,15992.685
2025-07-04 00:00:00,15048.822,14677.008,6905.538,16006.826
2025-07-05 00:00:00,15050.976,14680.469,6905.538,16014.716
2025-07-06 00:00:00,15060.386,14680.469,6909.056,16014.716
2025-07-07 00:00:00,15075.315,14680.469,6911.469,16014.716
2025-07-08 00:00:00,15078.474,14683.835,6911.471,16023.478
2025-07-09 00:00:00,15081.852,14698.074,6911.471,16031.066
2025-07-10 00:00:00,15087.16,14708.983,6911.472,16042.489
2025-07-11 00:00:00,15091.593,14716.115,6911.472,16051.079
2025-07-12 00:00:00,15092.941,14719.261,6911.472,16056.637
2025-07-13 00:00:00,15103.508,14719.261,6918.317,16056.637
2025-07-14 00:00:00,15110.214,14719.261,6927.231,16056.637
2025-07-15 00:00:00,15111.837,14725.09,6927.231,16063.089
2025-07-16 00:00:00,15115.084,14730.177,6927.231,16068.725
2025-07-17 00:00:00,15119.256,14740.002,6927.231,16074.362
2025-07-18 00:00:00,15121.471,14751.286,6927.231,16082.238
2025-07-19 00:00:00,15124.441,14753.874,6927.235,16093.843
2025-07-20 00:00:00,15132.859,14753.874,6936.706,16093.843
2025-07-21 00:00:00,15147.258,14753.874,6946.185,16093.843
2025-07-22 00:00:00,15149.314,14764.131,6946.185,16104.03
2025-07-23 00:00:00,15151.814,14770.522,6946.185,16108.782
2025-07-24 00:00:00,15153.368,14777.83,6946.185,16110.852
2025-07-25 00:00:00,15155.467,14783.937,6946.185,16123.89
2025-07-26 00:00:00,15159.233,14793.369,6946.185,16126.669
2025-07-27 00:00:00,15168.435,14793.369,6949.838,16126.669
2025-07-28 00:00:00,15180.322,14793.369,6957.26,16126.669
2025-07-29 00:00:00,15183.254,14800.227,6957.26,16136.748
2025-07-30 00:00:00,15186.187,14807.985,6957.261,16152.315
2025-07-31 00:00:00,15189.47,14812.184,6957.261,16161.15
2025-08-01 00:00:00,15192.486,14814.861,6957.261,16169.462
2025-08-02 00:00:00,15203.616,14819.909,6957.261,16174.316
2025-08-03 00:00:00,15221.167,14819.909,6962.537,16174.316
2025-08-04 00:00:00,15229.683,14819.909,6977.391,16174.316
2025-08-05 00:00:00,15236.582,14824.83,6977.391,16181.869
2025-08-06 00:00:00,15238.093,14829.55,6977.391,16199.742
2025-08-07 00:00:00,15239.99,14837.57,6977.391,16207.258
2025-08-08 00:00:00,15247.297,14842.959,6977.391,16217.405
2025-08-09 00:00:00,15254.51,14844.139,6977.391,16229.853
2025-08-10 00:00:00,15256.192,14844.139,7000.199,16229.853
2025-08-11 00:00:00,15257.932,14844.139,7021.507,16229.853
2025-08-12 00:00:00,15259.212,14844.676,7021.507,16253.226
2025-08-13 00:00:00,15260.614,14845.251,7021.507,16271.421
2025-08-14 00:00:00,15262.029,14845.842,7021.507,16291.595
2025-08-15 00:00:00,15263.523,14846.437,7021.507,16305.537
2025-08-16 00:00:00,15265.039,14847.071,7021.507,16325.233
2025-08-17 00:00:00,15267.483,14847.071,7028.498,16325.233
2025-08-18 00:00:00,15269.758,14847.071,7033.107,16325.233
2025-08-19 00:00:00,15271.622,14848.958,7033.107,16344.447
2025-08-20 00:00:00,15276.222,14851.167,7033.107,16363.265
2025-08-21 00:00:00,15279.627,14853.201,7033.107,16375.828
2025-08-22 00:00:00,15282.559,14854.711,7033.107,16391.645
2025-08-23 00:00:00,15284.968,14867.422,7033.107,16394.748
2025-08-24 00:00:00,15293.503,14867.422,7039.688,16394.748
2025-08-25 00:00:00,15304.115,14867.422,7048.716,16394.748
2025-08-26 00:00:00,15308.056,14875.07,7048.716,16404.172
2025-08-27 00:00:00,15311.25,14887.211,7048.716,16413.389
2025-08-28 00:00:00,15316.155,14897.493,7048.716,16424.588
2025-08-29 00:00:00,15319.82,14907.27,7048.716,16434.057
2025-08-30 00:00:00,15321.572,14915.982,7048.716,16442.969
2025-08-31 00:00:00,15335.13,14915.982,7058.649,16442.969
2025-09-01 00:00:00,15342.48,14915.982,7062.8,16442.969
2025-09-02 00:00:00,15345.298,14924.275,7062.8,16447.922
2025-09-03 00:00:00,15346.809,14934.507,7062.8,16460.422
2025-09-04 00:00:00,15348.242,14944.308,7062.8,16462.682
2025-09-05 00:00:00,15350.289,14956.524,7062.8,16475.018
2025-09-06 00:00:00,15352.314,14967.399,7062.8,16481.09
2025-09-07 00:00:00,15367.253,14967.399,7078.395,16481.09
2025-09-08 00:00:00,15378.392,14967.399,7093.867,16481.09
2025-09-09 00:00:00,15380.201,14983.046,7093.867,16482.928
2025-09-10 00:00:00,15382.529,14998.961,7093.867,16482.93
2025-09-11 00:00:00,15384.19,15000.869,7093.867,16494.561
2025-09-12 00:00:00,15388.176,15008.251,7093.867,16502.592
2025-09-13 00:00:00,15392.232,15011.626,7093.867,16516.973
2025-09-14 00:00:00,15408.292,15011.626,7101.416,16516.973
2025-09-15 00:00:00,15417.12,15011.626,7115.397,16516.973
2025-09-16 00:00:00,15418.828,15024.636,7115.397,16522.529
2025-09-17 00:00:00,15420.225,15043.096,7115.397,16526.135
2025-09-18 00:00:00,15421.772,15057.984,7115.397,16527.721
2025-09-19 00:00:00,15423.538,15072.041,7115.397,16528.23
2025-09-20 00:00:00,15426.82,15075.107,7115.397,16543.162
2025-09-21 00:00:00,15444.092,15075.107,7117.696,16543.162
2025-09-22 00:00:00,15455.057,15075.107,7120.118,16543.162
2025-09-23 00:00:00,15458.192,15087.354,7120.118,16553.289
2025-09-24 00:00:00,15460.24,15098.554,7120.118,16565.842
2025-09-25 00:00:00,15462.157,15102.449,7120.118,16580.51
2025-09-26 00:00:00,15465.427,15112.573,7120.118,16589.162
2025-09-27 00:00:00,15467.178,15120.722,7120.118,16593.734
2025-09-28 00:00:00,15479.564,15120.722,7121.986,16593.734
2025-09-29 00:00:00,15498.589,15120.722,7129.123,16593.734
2025-09-30 00:00:00,15503.177,15131.122,7129.123,16601.48
2025-10-01 00:00:00,15505.19,15144.584,7129.123,16602.951
2025-10-02 00:00:00,15510.797,15149.216,7129.123,16615.867
2025-10-03 00:00:00,15516.075,15159.659,7129.123,16629.051
2025-10-04 00:00:00,15521.425,15166.452,7129.123,16629.949
2025-10-05 00:00:00,15539.371,15166.452,7132.209,16629.949
2025-10-06 00:00:00,15552.675,15166.452,7133.546,16629.949
2025-10-07 00:00:00,15556.389,15182.972,7133.546,16630.141
2025-10-08 00:00:00,15558.474,15198.663,7133.546,16634.02
2025-10-09 00:00:00,15562.079,15218.431,7133.546,16634.141
2025-10-10 00:00:00,15565.383,15230.426,7133.546,16637.84
2025-10-11 00:00:00,15567.587,15236.547,7133.546,16642.525
2025-10-12 00:00:00,15589.325,15236.547,7134.137,16642.525
2025-10-13 00:00:00,15606.267,15236.547,7136.201,16642.525
2025-10-14 00:00:00,15608.869,15248.458,7136.201,16643.699
2025-10-15 00:00:00,15612.383,15261.842,7136.201,16644.842
2025-10-16 00:00:00,15614.183,15275.788,7136.201,16644.873
2025-10-21 00:00:00,15661.523,15315.501,7146.506,16651.875
2025-10-22 00:00:00,15663.748,15329.406,7146.506,16652.203
2025-10-23 00:00:00,15665.453,15342.848,7146.506,16655.324
2025-10-24 00:00:00,15667.096,15360.666,7146.506,16658.076
2025-10-25 00:00:00,15668.877,15370.753,7146.506,16663.777
2025-10-26 00:00:00,15677.616,15370.753,7147.076,16663.777
2025-10-27 00:00:00,15685.904,15370.753,7151.567,16663.777
2025-10-28 00:00:00,15689.562,15390.299,7151.567,16666.15
2025-10-29 00:00:00,15691.75,15407.228,7151.567,16668.072
2025-10-30 00:00:00,15694.499,15426.09,7151.567,16668.078
2025-10-31 00:00:00,15697.765,15442.985,7151.567,16672.029
2025-11-01 00:00:00,15701.427,15460.991,7151.567,16673.445
2025-11-02 00:00:00,15718.1,15460.991,7151.576,16673.445
2025-11-03 00:00:00,15730.128,15460.991,7155.729,16673.445
2025-11-04 00:00:00,15734.515,15479.719,7155.729,16673.746
2025-11-05 00:00:00,15736.871,15492.007,7155.729,16678.178
2025-11-06 00:00:00,15739.03,15506.38,7155.729,16681.898
2025-11-07 00:00:00,15742.907,15522.432,7155.729,16686.764
2025-11-08 00:00:00,15746.234,15533.926,7155.729,16695.492
2025-11-09 00:00:00,15776.297,15533.926,7155.861,16695.492
2025-11-10 00:00:00,15799.478,15533.926,7157.54,16695.492
2025-11-11 00:00:00,15803.023,15556.749,7157.54,16696.572
2025-11-12 00:00:00,15808.95,15561.759,7157.54,16698.863
2025-11-13 00:00:00,15812.025,15570.418,7157.54,16704.525
2025-11-14 00:00:00,15815.363,15577.693,7157.54,16705.166
2025-11-15 00:00:00,15817.351,15600.512,7157.54,16705.168
2025-11-16 00:00:00,15831.914,15600.512,7157.54,16705.168
2025-11-17 00:00:00,15848.732,15600.512,7157.54,16705.168
2025-11-18 00:00:00,15852.556,15616.369,7157.54,16711.703
2025-11-19 00:00:00,15856.756,15631.132,7157.54,16712.441
2025-11-20 00:00:00,15858.634,15647.817,7157.54,16712.441
2025-11-21 00:00:00,15860.392,15666.845,7157.54,16716.314
2025-11-22 00:00:00,15862.244,15679.9,7157.54,16725.492
2025-11-23 00:00:00,15881.248,15679.9,7158.765,16725.492
2025-11-24 00:00:00,15896.459,15679.9,7160.649,16725.492
2025-11-25 00:00:00,15900.09,15698.885,7160.649,16725.779
2025-11-26 00:00:00,15903.821,15714.813,7160.649,16726.527
2025-11-27 00:00:00,15909.009,15732.511,7160.649,16726.557
2025-11-28 00:00:00,15914.01,15747.247,7160.649,16726.557
2025-11-29 00:00:00,15917.677,15766.306,7160.649,16726.557
2025-11-30 00:00:00,15934.172,15766.306,7162.618,16726.557
2025-12-01 00:00:00,15953.731,15766.306,7164.28,16726.557
2025-12-02 00:00:00,15957.023,15781.428,7164.28,16726.984
2025-12-03 00:00:00,15960.748,15800.146,7164.28,16727.15
2025-12-04 00:00:00,15964.293,15817.857,7164.28,16727.15
2025-12-05 00:00:00,15968.084,15827.514,7164.28,16730.512
2025-12-06 00:00:00,15973.623,15845.338,7164.28,16730.645
2025-12-07 00:00:00,15988.161,15845.338,7164.28,16730.645
2025-12-08 00:00:00,16008.245,15845.338,7164.281,16730.645
2025-12-09 00:00:00,16011.785,15862.635,7164.281,16730.715
2025-12-10 00:00:00,16015.196,15876.96,7164.281,16732.182
2025-12-11 00:00:00,16018.256,15898.398,7164.281,16732.33
2025-12-12 00:00:00,16021.952,15907.125,7164.281,16736.436
2025-12-13 00:00:00,16028.462,15928.926,7164.281,16736.441
2025-12-14 00:00:00,16046.239,15928.926,7165.857,16736.441
2025-12-15 00:00:00,16065.491,15928.926,7167.006,16736.441
2025-12-16 00:00:00,16067.306,15944.873,7167.006,16744.004
2025-12-17 00:00:00,16071.829,15961.641,7167.006,16746.533
2025-12-18 00:00:00,16075.386,15987.316,7167.006,16746.533
2025-12-19 00:00:00,16081.517,16001.402,7167.006,16749.867
2025-12-20 00:00:00,16083.118,16018.332,7167.006,16749.875
2025-12-21 00:00:00,16103.501,16018.332,7167.006,16749.875
2025-12-22 00:00:00,16123.922,16018.332,7170.869,16749.875
2025-12-23 00:00:00,16129.236,16031.03,7170.869,16751.566
2025-12-24 00:00:00,16131.43,16051.219,7170.869,16751.566
2025-12-25 00:00:00,16133.218,16056.641,7170.869,16759.061
2025-12-26 00:00:00,16146.959,16056.641,7176.742,16759.061
2025-12-27 00:00:00,16157.009,16056.641,7180.513,16759.061
2025-12-28 00:00:00,16175.036,16056.641,7180.513,16759.061
2025-12-29 00:00:00,16197.374,16056.641,7185.133,16759.061
2025-12-30 00:00:00,16199.088,16080.119,7185.133,16759.361
2025-12-31 00:00:00,16202.49,16096.286,7185.133,16763.055
2026-01-01 00:00:00,16205.917,16106.974,7185.133,16766.072
2026-01-02 00:00:00,16225.126,16106.974,7185.133,16766.072
2026-01-03 00:00:00,16229.835,16118.997,7185.133,16766.113
2026-01-04 00:00:00,16245.461,16118.997,7185.211,16766.113
2026-01-05 00:00:00,16267.267,16118.997,7185.549,16766.113
2026-01-06 00:00:00,16272.669,16140.953,7185.549,16766.113
2026-01-07 00:00:00,16277.474,16157.754,7185.549,16766.113
2026-01-08 00:00:00,16279.621,16172.928,7185.549,16766.113
2026-01-09 00:00:00,16286.171,16188.866,7185.549,16766.121
2026-01-10 00:00:00,16290.616,16206.17,7185.549,16766.145
2026-01-11 00:00:00,16304.832,16206.17,7190.724,16766.145
2026-01-12 00:00:00,16327.8,16206.17,7192.485,16766.145
2026-01-13 00:00:00,16332.976,16224.589,7192.485,16766.145
2026-01-14 00:00:00,16336.693,16242.016,7192.485,16766.145
2026-01-15 00:00:00,16341.679,16259.268,7192.485,16772.488
2026-01-16 00:00:00,16345.321,16273.008,7192.485,16772.488
2026-01-17 00:00:00,16348.69,16290.149,7192.485,16772.762
2026-01-18 00:00:00,16363.448,16290.149,7197.691,16772.762
2026-01-19 00:00:00,16382.664,16290.149,7203.506,16772.762
2026-01-20 00:00:00,16386.15,16303.27,7203.506,16777.236
2026-01-21 00:00:00,16388.057,16320.965,7203.506,16785.328
2026-01-22 00:00:00,16391.674,16340.094,7203.506,16788.47
2026-01-23 00:00:00,16395.316,16353.026,7203.506,16794.52
2026-01-24 00:00:00,16397.568,16362.461,7203.506,16796.068
2026-01-25 00:00:00,16413.941,16362.461,7208.899,16796.068
2026-01-26 00:00:00,16435.023,16362.461,7209.165,16796.068
2026-01-27 00:00:00,16439.58,16384.977,7209.165,16796.068
2026-01-28 00:00:00,16443.213,16400.506,7209.165,16796.888
2026-01-29 00:00:00,16448.664,16416.98,7209.165,16796.888
2026-01-30 00:00:00,16454.328,16445.234,7209.165,16796.888
2026-01-31 00:00:00,16459.746,16450.09,7209.165,16800.04
2026-02-01 00:00:00,16484.826,16450.09,7209.18,16800.04
2026-02-02 00:00:00,16498.699,16450.09,7209.63,16800.04
2026-02-03 00:00:00,16502.273,16464.809,7209.63,16805.172
2026-02-04 00:00:00,16504.646,16482.197,7209.63,16805.658
2026-02-05 00:00:00,16510.211,16497.412,7209.63,16818.082
2026-02-06 00:00:00,16514.896,16513.137,7209.63,16819.69
2026-02-07 00:00:00,16520.682,16534.17,7209.63,16820.038
2026-02-08 00:00:00,16532.875,16534.17,7215.493,16820.038
2026-02-09 00:00:00,16555.408,16534.17,7215.531,16820.038
2026-02-10 00:00:00,16560.605,16549.26,7215.531,16824.186
2026-02-11 00:00:00,16565.52,16562.289,7215.531,16824.426
2026-02-12 00:00:00,16569.477,16571.766,7215.531,16824.474
2026-02-13 00:00:00,16573.377,16583.164,7215.531,16825.074
2026-02-14 00:00:00,16578.986,16594.951,7215.531,16825.15
2026-02-15 00:00:00,16593.283,16594.951,7217.264,16825.15
2026-02-16 00:00:00,16607.43,16594.951,7225.295,16825.15
2026-02-17 00:00:00,16612.734,16604.641,7225.295,16827.646
2026-02-18 00:00:00,16616.941,16612.744,7225.295,16832.604
2026-02-19 00:00:00,16622.555,16623.658,7225.295,16833.724
2026-02-20 00:00:00,16626.945,16635.865,7225.295,16834.792
2026-02-21 00:00:00,16631.5,16646.574,7225.295,16834.804
2026-02-22 00:00:00,16638.012,16646.574,7228.113,16834.804
2026-02-23 00:00:00,16653.102,16646.574,7228.117,16834.804
2026-02-24 00:00:00,16656.258,16653.24,7228.117,16835.568
2026-02-25 00:00:00,16660.252,16662.84,7228.117,16835.826
2026-02-26 00:00:00,16664.229,16667.732,7228.117,16845.932
2026-02-27 00:00:00,16670.062,16675.457,7228.117,16858.176
2026-02-28 00:00:00,16673.248,16689.396,7228.117,16865.382
2026-03-01 00:00:00,16687.467,16689.396,7229.358,16865.382
2026-03-02 00:00:00,16699.23,16689.396,7240.234,16865.382
2026-03-03 00:00:00,16702.729,16699.525,7240.234,16883.892
2026-03-04 00:00:00,16705.078,16712.832,7240.234,16898.292
2026-03-05 00:00:00,16709.289,16723.73,7240.234,16913.624
2026-03-06 00:00:00,16715.287,16732.184,7240.234,16924.398
2026-03-07 00:00:00,16721.488,16743.006,7240.234,16934.526
2026-03-08 00:00:00,16730.752,16743.006,7248.302,16934.526
2026-03-09 00:00:00,16743.984,16743.006,7261.156,16934.526
2026-03-10 00:00:00,16747.955,16750.658,7261.156,16943.974
2026-03-11 00:00:00,16750.195,16756.668,7261.156,16947.46
2026-03-12 00:00:00,16753.984,16769.201,7261.156,16947.584
2026-03-13 00:00:00,16758.205,16775.236,7261.156,16956.816
2026-03-14 00:00:00,16761.992,16787.618,7261.156,16957.236
2026-03-15 00:00:00,16775.232,16787.618,7262.417,16957.236
2026-03-16 00:00:00,16782.958,16787.618,7275.348,16957.236
2026-03-17 00:00:00,16787.578,16802.142,7275.348,16965.24
2026-03-18 00:00:00,16792.732,16816.006,7275.348,16965.536
2026-03-19 00:00:00,16796.24,16824.238,7275.348,16981.82
2026-03-20 00:00:00,16799.794,16834.092,7275.348,16999.81
2026-03-21 00:00:00,16801.744,16843.664,7275.348,17015.888
2026-03-22 00:00:00,16811.058,16843.664,7282.151,17015.888
2026-03-23 00:00:00,16817.618,16843.664,7294.924,17015.888
2026-03-24 00:00:00,16820.636,16855.532,7294.924,17026.548
2026-03-25 00:00:00,16826.244,16866.528,7294.924,17034.07
2026-03-26 00:00:00,16830.434,16879.554,7294.924,17038.486
2026-03-27 00:00:00,16832.426,16885.882,7294.924,17049.53
2026-03-28 00:00:00,16834.948,16893.854,7294.924,17060.642
2026-03-29 00:00:00,16843.926,16893.854,7301.428,17060.642
2026-03-30 00:00:00,16848.644,16893.854,7313.238,17060.642
2026-03-31 00:00:00,16850.594,16899.774,7313.238,17071.742
2026-04-01 00:00:00,16853.176,16908.956,7313.238,17079.16
2026-04-02 00:00:00,16855.04,16920.392,7313.238,17097.612
2026-04-03 00:00:00,16858.936,16936.466,7313.238,17097.87
2026-04-04 00:00:00,16864.244,16950.418,7313.238,17105.694
2026-04-05 00:00:00,16875.932,16950.418,7318.1,17105.694
2026-04-06 00:00:00,16892.588,16950.418,7321.635,17105.694
2026-04-07 00:00:00,16907.75,16950.418,7336.788,17105.694
2026-04-08 00:00:00,16911.766,16955.496,7336.788,17119.29
2026-04-09 00:00:00,16913.434,16958.45,7336.788,17135.776
2026-04-10 00:00:00,16916.838,16962.112,7336.788,17150.11
2026-04-11 00:00:00,16921.292,16966.574,7336.788,17158.286
2026-04-12 00:00:00,16933.714,16966.574,7346.348,17158.286
2026-04-13 00:00:00,16942.812,16966.574,7362.733,17158.286
2026-04-14 00:00:00,16946.992,16978.57,7362.733,17159.806
2026-04-15 00:00:00,16949.726,16990.842,7362.733,17171.702
2026-04-16 00:00:00,16953.982,16996.796,7362.733,17183.376
2026-04-17 00:00:00,16957.654,17005.026,7362.733,17197.116
2026-04-18 00:00:00,16961.398,17011.28,7362.733,17210.136
2026-04-19 00:00:00,16975.544,17011.28,7367.951,17210.136
2026-04-20 00:00:00,16984.312,17011.28,7378.232,17210.136
2026-04-21 00:00:00,16987.558,17024.418,7378.232,17220.444
2026-04-22 00:00:00,16991.514,17026.672,7378.232,17243.276
2026-04-23 00:00:00,16993.452,17033.398,7378.232,17259.838
2026-04-24 00:00:00,16997.306,17040.834,7378.232,17276.27
2026-04-25 00:00:00,17005.484,17047.528,7378.232,17294.852
2026-04-26 00:00:00,17018.044,17047.528,7394.108,17294.852
2026-04-27 00:00:00,17021.938,17047.528,7414.633,17294.852
2026-04-28 00:00:00,17026.764,17047.528,7432.037,17294.852
2026-04-29 00:00:00,17028.35,17048.144,7432.037,17320.162
2026-04-30 00:00:00,17029.932,17048.884,7432.037,17346.01
2026-05-01 00:00:00,17031.502,17049.468,7432.037,17371.98
2026-05-02 00:00:00,17032.948,17050.082,7432.037,17397.298
2026-05-03 00:00:00,17035.008,17050.082,7453.156,17397.298
2026-05-04 00:00:00,17045.088,17050.082,7460.855,17397.298
2026-05-05 00:00:00,17046.772,17062.404,7460.856,17404.548
2026-05-06 00:00:00,17050.074,17075.8,7460.856,17404.706
2026-05-07 00:00:00,17053.988,17091.634,7460.856,17406.662
2026-05-08 00:00:00,17055.582,17093.566,7460.856,17423.41
2026-05-09 00:00:00,17059.3,17102.68,7460.856,17437.85
2026-05-10 00:00:00,17070.954,17102.68,7466.412,17437.85
2026-05-11 00:00:00,17076.958,17102.68,7483.485,17437.85
2026-05-12 00:00:00,17080.762,17113.016,7483.485,17447.836
2026-05-13 00:00:00,17082.716,17125.414,7483.485,17455.56
2026-05-14 00:00:00,17086.616,17134.506,7483.485,17461.168
2026-05-15 00:00:00,17099.728,17134.506,7486.999,17461.168
2026-05-16 00:00:00,17103.176,17143.828,7486.999,17472.896
2026-05-17 00:00:00,17112.712,17143.828,7493.91,17472.896
2026-05-18 00:00:00,17122.378,17143.828,7497.738,17472.896
2026-05-19 00:00:00,17126.124,17155.582,7497.738,17479.714
2026-05-20 00:00:00,17131.388,17167.286,7497.738,17490.922
2026-05-21 00:00:00,17135.01,17179.104,7497.738,17496.602
2026-05-22 00:00:00,17138.57,17189.638,7497.738,17509.342
2026-05-23 00:00:00,17141.964,17191.176,7497.738,17528.74
2026-05-24 00:00:00,17146.034,17191.176,7513.549,17528.74
2026-05-25 00:00:00,17159.266,17191.176,7525.515,17528.74
2026-05-26 00:00:00,17168.298,17191.176,7539.896,17528.74
2026-05-27 00:00:00,17171.278,17198.536,7539.896,17542.494
2026-05-28 00:00:00,17174.422,17205.026,7539.905,17560.854
2026-05-29 00:00:00,17177.5,17206.798,7539.905,17579.004
2026-05-30 00:00:00,17180.49,17217.166,7539.905,17592.86
2026-05-31 00:00:00,17185.794,17217.166,7561.013,17592.86
2026-06-01 00:00:00,17200.068,17217.166,7567.603,17592.86
2026-06-02 00:00:00,17203.168,17229.598,7567.603,17601.588
2026-06-03 00:00:00,17206.85,17244.856,7567.603,17608.622
2026-06-04 00:00:00,17210.372,17256.126,7567.605,17617.458
2026-06-05 00:00:00,17214.266,17265.218,7567.605,17622.336
2026-06-06 00:00:00,17217.138,17270.782,7567.616,17629.252
2026-06-07 00:00:00,17220.398,17270.782,7578.204,17629.252
2026-06-08 00:00:00,17232.252,17270.782,7581.711,17629.252
2026-06-09 00:00:00,17235.752,17280.298,7581.712,17639.636
2026-06-10 00:00:00,17239.506,17291.266,7581.712,17652.462
2026-06-11 00:00:00,17241.288,17299.308,7581.712,17662.04
2026-06-12 00:00:00,17243.232,17305.344,7581.712,17668.776
2026-06-13 00:00:00,17246.164,17316.67,7581.712,17673.36
2026-06-14 00:00:00,17263.05,17316.67,7589.351,17673.36
2026-06-15 00:00:00,17274.24,17316.67,7593.841,17673.36
2026-06-16 00:00:00,17277.364,17327.48,7593.841,17678.114
2026-06-17 00:00:00,17280.202,17335.26,7593.841,17692.722
2026-06-18 00:00:00,17283.402,17336.678,7593.841,17702.284
2026-06-19 00:00:00,17286.334,17347.39,7593.841,17712.38
2026-06-20 00:00:00,17289.552,17351.168,7593.845,17729.392
2026-06-21 00:00:00,17298.158,17351.168,7611.588,17729.392
2026-06-22 00:00:00,17309.734,17351.168,7624.683,17729.392
2026-06-23 00:00:00,17313.278,17360.966,7624.683,17747.172
2026-06-24 00:00:00,17316.002,17369.518,7624.683,17760.198
2026-06-25 00:00:00,17317.976,17382.958,7624.683,17767.778
2026-06-26 00:00:00,17323.962,17394.264,7624.683,17781.926
2026-06-27 00:00:00,17330.008,17405.05,7624.683,17791.108
2026-06-28 00:00:00,17338.46,17405.05,7637.913,17791.108
2026-06-29 00:00:00,17354.054,17405.05,7652.404,17791.108
2026-06-30 00:00:00,17357.412,17415.93,7652.404,17802.402
2026-07-01 00:00:00,17362.97,17423.944,7652.404,17811.186
2026-07-02 00:00:00,17366.456,17431.624,7652.404,17827.456
2026-07-03 00:00:00,17371.742,17433.56,7652.404,17834.394
2026-07-04 00:00:00,17374.752,17436.642,7652.404,17843.706
2026-07-05 00:00:00,17382.864,17436.642,7662.948,17843.706
2026-07-06 00:00:00,17390.886,17436.642,7671.988,17843.706
2026-07-07 00:00:00,17393.352,17443.248,7671.988,17852.708
2026-07-08 00:00:00,17398.962,17452.11,7671.988,17864.194
2026-07-09 00:00:00,17404.47,17463.256,7671.988,17867.624
2026-07-10 00:00:00,17407.772,17466.18,7671.988,17878.718
2026-07-11 00:00:00,17413.618,17475.884,7671.988,17893.956
2026-07-12 00:00:00,17425.36,17475.884,7682.718,17893.956
2026-07-13 00:00:00,17439.138,17475.884,7692.909,17893.956
2026-07-14 00:00:00,17445.628,17486.904,7692.909,17908.26
2026-07-15 00:00:00,17453.092,17492.794,7692.909,17921.162
2026-07-16 00:00:00,17458.082,17497.442,7692.909,17930.862
2026-07-17 00:00:00,17464.24,17503.93,7692.909,17934.45
2026-07-18 00:00:00,17468.17,17508.524,7692.909,17942.54
2026-07-19 00:00:00,17478.386,17508.524,7697.348,17942.54
2026-07-20 00:00:00,17490.81,17508.524,7711.219,17942.54
2026-07-21 00:00:00,17492.216,17514.252,7711.219,17951.484
2026-07-22 00:00:00,17493.604,17520.674,7711.224,17967.838
2026-07-23 00:00:00,17495.312,17528.052,7711.224,17972.152
2026-07-24 00:00:00,17500.154,17531.876,7711.224,17981.42
2026-07-25 00:00:00,17502.448,17536.684,7711.224,17987.634
2026-07-26 00:00:00,17516.904,17536.684,7720.175,17987.634
2026-07-27 00:00:00,17532.862,17536.684,7721.351,17987.634
2026-07-28 00:00:00,17538.95,17539.784,7721.357,17995.772
2026-07-29 00:00:00,17542.534,17551.154,7721.357,18012.196
2026-07-30 00:00:00,17549.978,17555.338,7721.357,18022.904
2026-07-31 00:00:00,17555.312,17571.074,7721.357,18030.142
2026-08-01 00:00:00,17560.524,17579.124,7721.358,18039.332
2026-08-02 00:00:00,17570.032,17579.124,7734.519,18039.332
2026-08-03 00:00:00,17579.07,17579.124,7747.251,18039.332
2026-08-04 00:00:00,17583.156,17582.158,7747.251,18053.532
2026-08-05 00:00:00,17594.27,17594.996,7747.251,18064.124
2026-08-06 00:00:00,17599.076,17602.276,7747.251,18070.132
2026-08-07 00:00:00,17602.496,17605.798,7747.251,18082.122
2026-08-08 00:00:00,17605.396,17607.144,7747.251,18090.316
2026-08-09 00:00:00,17607.376,17607.144,7771.414,18090.316
2026-08-10 00:00:00,17609.36,17607.144,7792.091,18090.316
2026-08-11 00:00:00,17610.762,17607.692,7792.091,18110.016
2026-08-12 00:00:00,17612.174,17608.29,7792.091,18133.426
2026-08-13 00:00:00,17613.616,17608.94,7792.091,18156.434
2026-08-14 00:00:00,17615.03,17609.548,7792.091,18179.446
2026-08-15 00:00:00,17616.438,17610.168,7792.091,18201.554
2026-08-16 00:00:00,17618.594,17610.168,7796.517,18201.554
2026-08-17 00:00:00,17620.676,17610.168,7812.78,18201.554
2026-08-18 00:00:00,17622.114,17611.078,7812.78,18208.114
2026-08-19 00:00:00,17623.556,17612.018,7812.78,18211.692
2026-08-20 00:00:00,17624.97,17613.096,7812.78,18213.414
2026-08-21 00:00:00,17626.364,17613.816,7812.78,18227.296
2026-08-22 00:00:00,17629.94,17619.674,7812.78,18236.764
2026-08-23 00:00:00,17645.618,17619.674,7820.911,18236.764
2026-08-24 00:00:00,17658.996,17619.674,7825.942,18236.764
2026-08-25 00:00:00,17662.158,17626.076,7825.942,18253.206
2026-08-26 00:00:00,17665.17,17634.54,7825.942,18266.6
2026-08-27 00:00:00,17668.106,17645.778,7825.942,18277.98
2026-08-28 00:00:00,17673.496,17658.492,7825.942,18285.28
2026-08-29 00:00:00,17675.118,17676.196,7825.942,18286.542
2026-08-30 00:00:00,17683.934,17676.196,7836.34,18286.542
2026-08-31 00:00:00,17693.756,17676.196,7837.631,18286.542
2026-09-01 00:00:00,17697.38,17688.754,7837.631,18292.362
2026-09-02 00:00:00,17702.866,17698.922,7837.631,18302.66
2026-09-03 00:00:00,17705.924,17708.79,7837.631,18310.82
2026-09-04 00:00:00,17709.38,17718.444,7837.631,18315.188
2026-09-05 00:00:00,17713.004,17729.226,7837.631,18316.24
2026-09-06 00:00:00,17723.316,17729.226,7844.011,18316.24
2026-09-06 10:55:00,17729.496,17729.226,7846.227,18316.24
2026-09-06 11:00:00,17729.496,17729.226,7846.418,18316.24
2026-09-06 11:05:00,17729.496,17729.226,7846.608,18316.24
2026-09-06 11:10:00,17729.496,17729.226,7846.799,18316.24
2026-09-06 11:15:00,17729.496,17729.226,7847.005,18316.24
2026-09-06 11:20:00,17729.496,17729.226,7847.208,18316.24
2026-09-06 11:25:00,17729.496,17729.226,7847.411,18316.24
2026-09-06 11:30:00,17729.496,17729.226,7847.612,18316.24
2026-09-06 11:35:00,17729.496,17729.226,7847.819,18316.24
2026-09-06 11:40:00,17729.496,17729.226,7848.011,18316.24
2026-09-06 11:45:00,17729.496,17729.226,7848.217,18316.24
2026-09-06 11:50:00,17729.496,17729.226,7848.409,18316.24
2026-09-06 11:55:00,17729.496,17729.226,7848.611,18316.24
2026-09-06 12:00:00,17729.496,17729.226,7848.824,18316.24
2026-09-06 12:05:00,17729.496,17729.226,7849.076,18316.24
2026-09-06 12:10:00,17729.496,17729.226,7849.313,18316.24
2026-09-06 12:15:00,17729.496,17729.226,7849.552,18316.24
2026-09-06 12:20:00,17729.496,17729.226,7849.792,18316.24
2026-09-06 12:25:00,17729.496,17729.226,7850.035,18316.24
2026-09-06 12:30:00,17729.496,17729.226,7850.27,18316.24
2026-09-06 12:35:00,17729.496,17729.226,7850.507,18316.24
2026-09-06 12:40:00,17729.496,17729.226,7850.746,18316.24
2026-09-06 12:45:00,17729.496,17729.226,7850.964,18316.24
2026-09-06 12:50:00,17729.496,17729.226,7851.208,18316.24
2026-09-06 12:55:00,17729.496,17729.226,7851.437,18316.24
2026-09-06 13:00:00,17729.496,17729.226,7851.697,18316.24
2026-09-06 13:05:00,17729.496,17729.226,7851.899,18316.24
2026-09-06 13:10:00,17729.496,17729.226,7852.058,18316.24
2026-09-06 13:15:00,17729.496,17729.226,7852.261,18316.24
2026-09-06 13:20:00,17729.496,17729.226,7852.452,18316.24
2026-09-06 13:25:00,17729.496,17729.226,7852.561,18316.24
2026-09-06 13:30:00,17729.496,17729.226,7852.799,18316.24
2026-09-06 13:35:00,17729.496,17729.226,7853.057,18316.24
2026-09-06 13:40:00,17729.496,17729.226,7853.309,18316.24
2026-09-06 13:45:00,17729.496,17729.226,7853.558,18316.24
2026-09-06 13:50:00,17729.496,17729.226,7853.665,18316.24
2026-09-06 13:55:00,17729.496,17729.226,7853.901,18316.24
2026-09-06 14:00:00,17729.496,17729.226,7854.159,18316.24
2026-09-06 14:05:00,17729.496,17729.226,7854.402,18316.24
2026-09-06 14:10:00,17729.496,17729.226,7854.647,18316.24
2026-09-06 14:15:00,17729.496,17729.226,7854.886,18316.24
2026-09-06 14:20:00,17729.496,17729.226,7855.115,18316.24
2026-09-06 14:25:00,17729.496,17729.226,7855.312,18316.24
2026-09-06 14:30:00,17729.496,17729.226,7855.534,18316.24
2026-09-06 14:35:00,17729.496,17729.226,7855.75,18316.24
2026-09-06 14:40:00,17729.496,17729.226,7855.896,18316.24
2026-09-06 14:45:00,17729.496,17729.226,7856.025,18316.24
2026-09-06 14:50:00,17729.496,17729.226,7856.146,18316.24
2026-09-06 14:55:00,17729.496,17729.226,7856.283,18316.24
2026-09-06 15:00:00,17729.504,17729.226,7856.434,18316.24
2026-09-06 15:05:00,17729.504,17729.226,7856.699,18316.24
2026-09-06 15:10:00,17729.504,17729.226,7856.883,18316.24
2026-09-06 15:15:00,17729.504,17729.226,7857.082,18316.24
2026-09-06 15:20:00,17729.504,17729.226,7857.187,18316.24
2026-09-06 15:25:00,17729.504,17729.226,7857.344,18316.24
2026-09-06 15:30:00,17729.504,17729.226,7857.583,18316.24
2026-09-06 15:35:00,17729.504,17729.226,7857.851,18316.24
2026-09-06 15:40:00,17729.504,17729.226,7858.021,18316.24
2026-09-06 15:45:00,17729.504,17729.226,7858.247,18316.24
2026-09-06 15:50:00,17729.504,17729.226,7858.449,18316.24
2026-09-06 15:55:00,17729.504,17729.226,7858.625,18316.24
2026-09-06 16:00:00,17729.504,17729.226,7858.732,18316.24
2026-09-06 16:05:00,17729.504,17729.226,7858.776,18316.24
2026-09-06 16:10:00,17729.504,17729.226,7858.832,18316.24
2026-09-06 16:15:00,17729.504,17729.226,7858.903,18316.24
2026-09-06 16:20:00,17729.504,17729.226,7859.005,18316.24
2026-09-06 16:25:00,17729.504,17729.226,7859.117,18316.24
2026-09-06 16:30:00,17729.504,17729.226,7859.219,18316.24
2026-09-06 16:35:00,17729.504,17729.226,7859.3,18316.24
2026-09-06 16:40:00,17729.504,17729.226,7859.411,18316.24
2026-09-06 16:45:00,17729.504,17729.226,7859.441,18316.24
2026-09-06 16:50:00,17729.504,17729.226,7859.639,18316.24
2026-09-06 16:55:00,17729.504,17729.226,7859.844,18316.24
2026-09-06 17:00:00,17729.504,17729.226,7859.961,18316.24
2026-09-06 17:05:00,17729.798,17729.226,7860.018,18316.24
2026-09-06 17:10:00,17729.882,17729.226,7860.025,18316.24
2026-09-06 17:15:00,17729.918,17729.226,7860.03,18316.24
2026-09-06 17:20:00,17729.96,17729.226,7860.037,18316.24
2026-09-06 17:25:00,17729.97,17729.226,7860.124,18316.24
2026-09-06 17:30:00,17729.97,17729.226,7860.239,18316.24
2026-09-06 17:35:00,17729.97,17729.226,7860.343,18316.24
2026-09-06 17:40:00,17729.97,17729.226,7860.408,18316.24
2026-09-06 17:45:00,17729.97,17729.226,7860.494,18316.24
2026-09-06 17:50:00,17729.97,17729.226,7860.606,18316.24
2026-09-06 17:55:00,17729.996,17729.226,7860.66,18316.24
2026-09-06 18:00:00,17729.996,17729.226,7860.754,18316.24
2026-09-06 18:05:00,17729.996,17729.226,7860.81,18316.24
2026-09-06 18:10:00,17730.004,17729.226,7860.826,18316.24
2026-09-06 18:15:00,17730.006,17729.226,7860.846,18316.24
2026-09-06 18:20:00,17730.024,17729.226,7860.848,18316.24
2026-09-06 18:25:00,17730.028,17729.226,7860.849,18316.24
2026-09-06 18:30:00,17730.028,17729.226,7860.871,18316.24
2026-09-06 18:35:00,17730.028,17729.226,7860.893,18316.24
2026-09-06 18:40:00,17730.028,17729.226,7860.932,18316.24
2026-09-06 18:45:00,17730.04,17729.226,7860.933,18316.24
2026-09-06 18:50:00,17730.062,17729.226,7860.933,18316.24
2026-09-06 18:55:00,17730.076,17729.226,7860.933,18316.24
2026-09-06 19:00:00,17730.084,17729.226,7860.933,18316.24
2026-09-06 19:05:00,17730.098,17729.226,7860.933,18316.24
2026-09-06 19:10:00,17730.108,17729.226,7860.933,18316.24
2026-09-06 19:15:00,17730.122,17729.226,7860.933,18316.24
2026-09-06 19:20:00,17730.14,17729.226,7860.933,18316.24
2026-09-06 19:25:01,17730.156,17729.226,7860.933,18316.24
2026-09-06 19:30:00,17730.168,17729.226,7860.933,18316.24
2026-09-06 19:35:00,17730.176,17729.226,7860.933,18316.24
2026-09-06 19:40:00,17730.19,17729.226,7860.933,18316.24
2026-09-06 19:45:00,17730.202,17729.226,7860.933,18316.24
2026-09-06 19:50:00,17730.214,17729.226,7860.933,18316.24
2026-09-06 19:55:00,17730.222,17729.226,7860.933,18316.24
2026-09-06 20:00:00,17730.234,17729.226,7860.933,18316.24
2026-09-06 20:05:00,17730.256,17729.226,7860.933,18316.24
2026-09-06 20:10:00,17730.276,17729.226,7860.933,18316.24
2026-09-06 20:15:00,17730.298,17729.226,7860.933,18316.24
2026-09-06 20:20:00,17730.314,17729.226,7860.933,18316.24
2026-09-06 20:25:00,17730.332,17729.226,7860.933,18316.24
2026-09-06 20:30:00,17730.354,17729.226,7860.933,18316.24
2026-09-06 20:35:00,17730.372,17729.226,7860.933,18316.24
2026-09-06 20:40:00,17730.384,17729.226,7860.933,18316.24
2026-09-06 20:45:00,17730.402,17729.226,7860.933,18316.24
2026-09-06 20:50:00,17730.422,17729.226,7860.933,18316.24
2026-09-06 20:55:00,17730.44,17729.226,7860.933,18316.24
2026-09-06 21:00:00,17730.452,17729.226,7860.933,18316.24
2026-09-06 21:05:00,17730.464,17729.226,7860.933,18316.24
2026-09-06 21:10:00,17730.482,17729.226,7860.933,18316.24
2026-09-06 21:15:00,17730.502,17729.226,7860.933,18316.24
2026-09-06 21:20:00,17730.528,17729.226,7860.933,18316.24
2026-09-06 21:25:00,17730.55,17729.226,7860.933,18316.24
2026-09-06 21:30:00,17730.572,17729.226,7860.933,18316.24
2026-09-06 21:35:00,17730.592,17729.226,7860.933,18316.24
2026-09-06 21:40:00,17730.602,17729.226,7860.933,18316.24
2026-09-06 21:45:00,17730.612,17729.226,7860.933,18316.24
2026-09-06 21:50:00,17730.622,17729.226,7860.933,18316.24
2026-09-06 21:55:00,17730.634,17729.226,7860.933,18316.24
2026-09-06 22:00:00,17730.66,17729.226,7860.933,18316.24
2026-09-06 22:05:00,17730.688,17729.226,7860.933,18316.24
2026-09-06 22:10:00,17730.708,17729.226,7860.933,18316.24
2026-09-06 22:15:00,17730.72,17729.226,7860.933,18316.24
2026-09-06 22:20:00,17730.73,17729.226,7860.933,18316.24
2026-09-06 22:25:00,17730.74,17729.226,7860.933,18316.24
2026-09-06 22:30:00,17730.752,17729.226,7860.933,18316.24
2026-09-06 22:35:00,17730.762,17729.226,7860.933,18316.24
2026-09-06 22:40:00,17730.78,17729.226,7860.933,18316.24
2026-09-06 22:45:00,17730.808,17729.226,7860.933,18316.24
2026-09-06 22:50:00,17730.836,17729.226,7860.933,18316.24
2026-09-06 22:55:00,17730.85,17729.226,7860.933,18316.24
2026-09-06 23:00:00,17730.86,17729.226,7860.933,18316.24
2026-09-06 23:05:00,17730.87,17729.226,7860.933,18316.24
2026-09-06 23:10:00,17730.88,17729.226,7860.933,18316.24
2026-09-06 23:15:00,17730.89,17729.226,7860.933,18316.24
2026-09-06 23:20:00,17730.908,17729.226,7860.933,18316.24
2026-09-06 23:25:00,17730.928,17729.226,7860.933,18316.24
2026-09-06 23:30:00,17730.954,17729.226,7860.933,18316.24
2026-09-06 23:35:00,17730.972,17729.226,7860.933,18316.24
2026-09-06 23:40:00,17730.99,17729.226,7860.933,18316.24
2026-09-06 23:45:00,17731.0,17729.226,7860.933,18316.24
2026-09-06 23:50:00,17731.012,17729.226,7860.933,18316.24
2026-09-06 23:55:00,17731.022,17729.226,7860.933,18316.24
2026-09-07 00:00:00,17731.038,17729.226,7860.933,18316.24
2026-09-07 00:05:00,17731.056,17729.226,7860.933,18316.24
2026-09-07 00:10:00,17731.076,17729.226,7860.933,18316.24
2026-09-07 00:15:00,17731.094,17729.226,7860.933,18316.24
2026-09-07 00:20:00,17731.112,17729.226,7860.933,18316.24
2026-09-07 00:25:00,17731.256,17729.226,7860.933,18316.24
2026-09-07 00:30:00,17731.418,17729.226,7860.933,18316.24
2026-09-07 00:35:00,17731.494,17729.226,7860.933,18316.24
2026-09-07 00:40:00,17731.512,17729.226,7860.933,18316.24
2026-09-07 00:45:00,17731.544,17729.226,7860.933,18316.24
2026-09-07 00:50:00,17731.718,17729.226,7860.933,18316.24
2026-09-07 00:55:00,17731.758,17729.226,7860.933,18316.24
2026-09-07 01:00:00,17731.776,17729.226,7860.933,18316.24
2026-09-07 01:05:00,17731.894,17729.226,7860.933,18316.24
2026-09-07 01:10:00,17732.052,17729.226,7860.933,18316.24
2026-09-07 01:15:00,17732.068,17729.226,7860.933,18316.24
2026-09-07 01:20:00,17732.086,17729.226,7860.933,18316.24
2026-09-07 01:25:00,17732.108,17729.226,7860.933,18316.24
2026-09-07 01:30:00,17732.13,17729.226,7860.933,18316.24
2026-09-07 01:35:00,17732.146,17729.226,7860.933,18316.24
2026-09-07 01:40:00,17732.162,17729.226,7860.933,18316.24
2026-09-07 01:45:00,17732.176,17729.226,7860.933,18316.24
2026-09-07 01:50:00,17732.198,17729.226,7860.933,18316.24
2026-09-07 01:55:00,17732.216,17729.226,7860.933,18316.24
2026-09-07 02:00:00,17732.382,17729.226,7860.933,18316.24
2026-09-07 02:05:00,17732.55,17729.226,7860.933,18316.24
2026-09-07 02:10:00,17732.716,17729.226,7860.933,18316.24
2026-09-07 02:15:00,17732.882,17729.226,7860.933,18316.24
2026-09-07 02:20:00,17732.924,17729.226,7860.933,18316.24
2026-09-07 02:25:00,17732.942,17729.226,7860.933,18316.24
2026-09-07 02:30:00,17732.96,17729.226,7860.933,18316.24
2026-09-07 02:35:00,17732.99,17729.226,7860.933,18316.24
2026-09-07 02:40:00,17733.012,17729.226,7860.933,18316.24
2026-09-07 02:45:00,17733.026,17729.226,7860.933,18316.24
2026-09-07 02:50:00,17733.038,17729.226,7860.933,18316.24
2026-09-07 02:55:00,17733.046,17729.226,7860.933,18316.24
2026-09-07 03:00:00,17733.056,17729.226,7860.933,18316.24
2026-09-07 03:05:00,17733.07,17729.226,7860.933,18316.24
2026-09-07 03:10:00,17733.09,17729.226,7860.933,18316.24
2026-09-07 03:15:00,17733.11,17729.226,7860.933,18316.24
2026-09-07 03:20:00,17733.13,17729.226,7860.933,18316.24
2026-09-07 03:25:00,17733.148,17729.226,7860.933,18316.24
2026-09-07 03:30:00,17733.166,17729.226,7860.933,18316.24
2026-09-07 03:35:00,17733.176,17729.226,7860.933,18316.24
2026-09-07 03:40:00,17733.186,17729.226,7860.933,18316.24
2026-09-07 03:45:00,17733.198,17729.226,7860.933,18316.24
2026-09-07 03:50:00,17733.216,17729.226,7860.933,18316.24
2026-09-07 03:55:00,17733.236,17729.226,7860.933,18316.24
2026-09-07 04:00:00,17733.254,17729.226,7860.933,18316.24
2026-09-07 04:05:00,17733.27,17729.226,7860.933,18316.24
2026-09-07 04:10:00,17733.288,17729.226,7860.933,18316.24
2026-09-07 04:15:00,17733.306,17729.226,7860.933,18316.24
2026-09-07 04:20:00,17733.316,17729.226,7860.933,18316.24
2026-09-07 04:25:00,17733.326,17729.226,7860.933,18316.24
2026-09-07 04:30:00,17733.344,17729.226,7860.933,18316.24
2026-09-07 04:35:00,17733.364,17729.226,7860.933,18316.24
2026-09-07 04:40:00,17733.382,17729.226,7860.933,18316.24
2026-09-07 04:45:00,17733.392,17729.226,7860.933,18316.24
2026-09-07 04:50:00,17733.406,17729.226,7860.933,18316.24
2026-09-07 04:55:00,17733.426,17729.226,7860.933,18316.24
2026-09-07 05:00:00,17733.444,17729.226,7860.933,18316.24
2026-09-07 05:05:00,17733.458,17729.226,7860.933,18316.24
2026-09-07 05:10:00,17733.468,17729.226,7860.933,18316.24
2026-09-07 05:15:00,17733.488,17729.226,7860.933,18316.24
2026-09-07 05:20:00,17733.508,17729.226,7860.933,18316.24
2026-09-07 05:25:00,17733.524,17729.226,7860.933,18316.24
2026-09-07 05:30:00,17733.534,17729.226,7860.933,18316.24
2026-09-07 05:35:00,17733.544,17729.226,7860.933,18316.24
2026-09-07 05:40:00,17733.564,17729.226,7860.933,18316.24
2026-09-07 05:45:00,17733.582,17729.226,7860.933,18316.24
2026-09-07 05:50:00,17733.598,17729.226,7860.933,18316.24
2026-09-07 05:55:00,17733.616,17729.226,7860.933,18316.24
2026-09-07 06:00:00,17733.632,17729.226,7860.933,18316.24
2026-09-07 06:05:00,17733.652,17729.226,7860.933,18316.24
2026-09-07 06:10:00,17733.664,17729.226,7860.933,18316.24
2026-09-07 06:15:00,17733.674,17729.226,7860.933,18316.24
2026-09-07 06:20:00,17733.686,17729.226,7860.933,18316.24
2026-09-07 06:25:00,17733.702,17729.226,7860.933,18316.24
2026-09-07 06:30:00,17733.726,17729.226,7860.933,18316.24
2026-09-07 06:35:00,17733.786,17729.226,7860.933,18316.24
2026-09-07 06:40:00,17733.848,17729.226,7860.933,18316.24
2026-09-07 06:45:00,17734.012,17729.226,7860.933,18316.24
2026-09-07 06:50:00,17734.072,17729.226,7860.933,18316.24
2026-09-07 06:55:00,17734.118,17729.226,7860.933,18316.24
2026-09-07 07:00:00,17734.162,17729.226,7860.933,18316.24
2026-09-07 07:05:00,17734.164,17729.294,7860.933,18316.24
2026-09-07 07:10:00,17734.164,17729.332,7860.933,18316.24
2026-09-07 07:15:00,17734.164,17729.422,7860.933,18316.24
2026-09-07 07:20:00,17734.164,17729.502,7860.933,18316.24
2026-09-07 07:25:00,17734.164,17729.584,7860.933,18316.24
2026-09-07 07:30:00,17734.164,17729.61,7860.933,18316.24
2026-09-07 07:35:00,17734.164,17729.628,7860.933,18316.24
2026-09-07 07:40:00,17734.164,17729.684,7860.933,18316.24
2026-09-07 07:45:00,17734.164,17729.706,7860.933,18316.24
2026-09-07 07:50:00,17734.164,17729.708,7860.933,18316.24
2026-09-07 07:55:00,17734.164,17729.722,7860.933,18316.24
2026-09-07 08:00:00,17734.164,17729.74,7860.933,18316.24
2026-09-07 08:05:00,17734.164,17729.76,7860.933,18316.24
2026-09-07 08:10:00,17734.164,17729.768,7860.933,18316.24
2026-09-07 08:15:01,17734.164,17729.77,7860.933,18316.242
2026-09-07 08:20:00,17734.164,17729.772,7860.933,18316.242
2026-09-07 08:25:00,17734.164,17729.772,7860.933,18316.258
2026-09-07 08:30:00,17734.164,17729.872,7860.933,18316.262
2026-09-07 08:35:00,17734.164,17729.882,7860.933,18316.274
2026-09-07 08:40:00,17734.164,17729.882,7860.933,18316.292
2026-09-07 08:45:00,17734.164,17729.882,7860.933,18316.304
2026-09-07 08:50:00,17734.164,17729.884,7860.933,18316.312
2026-09-07 08:55:00,17734.164,17729.884,7860.933,18316.324
2026-09-07 09:00:00,17734.164,17729.884,7860.933,18316.35
2026-09-07 09:05:00,17734.164,17729.884,7860.933,18316.37
2026-09-07 09:10:00,17734.164,17729.884,7860.933,18316.394
2026-09-07 09:15:00,17734.164,17729.884,7860.933,18316.438
2026-09-07 09:20:00,17734.164,17729.884,7860.933,18316.486
2026-09-07 09:25:00,17734.164,17729.884,7860.933,18316.556
2026-09-07 09:30:00,17734.164,17729.884,7860.933,18316.624
2026-09-07 09:35:00,17734.164,17729.884,7860.933,18316.67
2026-09-07 09:40:00,17734.164,17729.884,7860.933,18316.706
2026-09-07 09:45:00,17734.164,17729.884,7860.933,18316.746
2026-09-07 09:50:00,17734.164,17729.884,7860.933,18316.806
2026-09-07 09:55:00,17734.164,17729.894,7860.933,18316.884
2026-09-07 10:00:00,17734.164,17729.894,7860.933,18317.038
2026-09-07 10:05:00,17734.164,17729.894,7860.933,18317.128
2026-09-07 10:10:01,17734.164,17729.894,7860.933,18317.212
2026-09-07 10:15:00,17734.164,17729.894,7860.933,18317.362
2026-09-07 10:20:00,17734.164,17729.894,7860.933,18317.5
2026-09-07 10:25:00,17734.164,17729.894,7860.933,18317.528
2026-09-07 10:30:00,17734.164,17729.894,7860.933,18317.562
2026-09-07 10:40:00,17734.164,17729.894,7860.933,18317.66
2026-09-07 10:45:00,17734.164,17729.894,7860.933,18317.72
2026-09-07 10:50:00,17734.164,17729.894,7860.933,18317.784
2026-09-07 10:55:00,17734.164,17729.894,7860.933,18317.852
